cumulative_supply,cumulative_tvl_usd,day,net_flow,net_flow_usd,supply_amount,supply_amount_usd,withdraw_amount,withdraw_amount_usd
11203.157919,11216.881787450775,2024-01-05,7203.157802999999,7211.981671308675,11203.157919,11216.881787450775,4000.000116,4004.9001161421
11203.157919,11216.881787450775,2024-01-06,0.0,0.0,0.0,0.0,0.0,0.0
11203.157919,11216.881787450775,2024-01-07,0.0,0.0,0.0,0.0,0.0,0.0
11203.157919,11216.881787450775,2024-01-08,-1e-06,-1.00115e-06,0.0,0.0,1e-06,1.00115e-06
593994.711289,594271.856939574,2024-01-09,582773.153158,583036.5666232274,582791.55337,583054.9751521233,18.400212,18.408528895824
7295816.042462999,7308002.324619069,2024-01-10,-22326745.070947,-22366419.696938068,6701821.331173999,6713730.467679495,29028566.402121,29080150.164617565
9624537.572207,9637883.557684882,2024-01-11,-2386586.9677760005,-2387775.4880859507,2328721.529744,2329881.233065813,4715308.497520001,4717656.721151764
12091392.798845,12106223.831169317,2024-01-12,-6499340.516668999,-6503253.119660035,2466855.2266379995,2468340.2734844354,8966195.743306998,8971593.39314447
37783574.05581504,37846911.926352486,2024-01-13,-4001816.110497974,-4009371.5393146016,25692181.256970037,25740688.09518317,29693997.36746801,29750059.634497773
38365042.56232704,38431389.532385685,2024-01-14,-962294.5047360001,-967274.3787980084,581468.5065119999,584477.6060331997,1543763.011248,1551751.9848312081
51169723.15459703,51255712.50468421,2024-01-15,-7152293.350278012,-7163264.96827732,12804680.592269983,12824322.972298529,19956973.942547996,19987587.94057585
53551293.572153024,53640009.82036831,2024-01-16,-8032392.251724003,-8041589.340852225,2381570.417555997,2384297.3156841,10413962.66928,10425886.656536326
57158558.04259103,57251332.46333555,2024-01-17,-3690357.094221997,-3694508.745953005,3607264.4704380017,3611322.642967242,7297621.564659999,7305831.388920247
99111159.37699685,99246683.49850136,2024-01-18,-13009675.041181274,-13022931.90004801,41952601.33440582,41995351.03516582,54962276.37558709,55018282.93521383
244228585.24786088,244535493.0493186,2024-01-19,-169240402.90074462,-169440275.81657153,145117425.87086403,145288809.55081725,314357828.77160865,314729085.3673888
279912945.5511249,280282051.19259125,2024-01-20,-53922131.492907986,-54016117.7681001,35684360.30326399,35746558.14327262,89606491.79617198,89762675.91137272
340518940.53782886,341003379.3877549,2024-01-21,-83411163.48220399,-83569894.92631072,60605994.986704,60721328.195163645,144017158.46890798,144291223.12147436
348708017.72341686,349203921.28140277,2024-01-22,-5024768.695920992,-5031803.372095287,8189077.185588001,8200541.893647829,13213845.881508993,13232345.265743116
440511597.3194569,441095999.5281732,2024-01-23,-32549420.135271877,-32580797.77628246,91803579.59604003,91892078.24677047,124352999.7313119,124472876.02305293
555676084.4226829,556368510.920302,2024-01-24,20001767.348454013,20020529.006226897,115164487.10322604,115272511.39212885,95162719.75477202,95251982.38590196
555739065.6633769,556431556.1499366,2024-01-25,-141007.00858,-141150.27170071728,62981.240694,63045.229634545096,203988.249274,204195.50133526238
556033215.0310489,556725934.659966,2024-01-26,-106506.83180799993,-106589.80062997842,294149.3676720001,294378.51002941653,400656.19948,400968.31065939495
556033215.0310489,556725934.659966,2024-01-27,-1001.411878,-1002.165941144134,0.0,0.0,1001.411878,1002.165941144134
556114762.9708409,556807515.8713174,2024-01-28,-120291.028064,-120340.1068034501,81547.939792,81581.21135143514,201838.967856,201921.31815488523
556349066.927419,557041988.2924402,2024-01-29,217833.43412199998,217990.0563611337,234303.95657799998,234472.42112277955,16470.522456,16482.364761645862
556349067.927419,557041989.2934282,2024-01-30,1.0,1.000988,1.0,1.000988,0.0,0.0
557399823.5109949,558093255.5442178,2024-01-31,-1842497.3383199999,-1843392.7920264232,1050755.583576,1051266.250789618,2893252.921896,2894659.042816041
558043341.5109949,558736986.5486758,2024-02-01,640598.366854,640810.4049134288,643518.0,643731.0044580002,2919.633146,2920.599544571326
558262264.2277069,558956017.1942871,2024-02-02,55674.46531999999,55701.91283140273,218922.716712,219030.64561133902,163248.251392,163328.73277993628
558282500.4113019,558976278.1267346,2024-02-03,20236.183595,20260.932447536685,20236.183595,20260.932447536685,0.0,0.0
558340500.4113019,559034380.5547346,2024-02-04,-757615.502687,-758953.4516647451,58000.0,58102.42799999999,815615.502687,817055.8796647451
558405536.0075078,559099475.7235467,2024-02-05,-739699.5406300001,-740377.1054092171,65035.59620600001,65095.16881212469,804735.136836,805472.2742213417
558495536.0075078,559189516.0435468,2024-02-06,64802.731400000004,64831.76302366719,90000.0,90040.31999999999,25197.2686,25208.556976332802
558586359.6795058,559280332.3588274,2024-02-07,90823.671998,90816.31528056816,90823.671998,90816.31528056816,0.0,0.0
559309122.3249248,560003463.6131955,2024-02-08,722762.645419,723131.2543681636,722762.645419,723131.2543681636,0.0,0.0
559821603.6521498,560515968.5145615,2024-02-09,-216086.58675699995,-216096.5267399908,512481.327225,512504.90136605233,728567.913982,728601.4281060431
561576405.8511088,562271090.0875207,2024-02-10,1718717.681543,1719030.4881610407,1754802.198959,1755121.5729592105,36084.51741600001,36091.08479816971
562179712.9892728,562874190.8946434,2024-02-11,359542.26325200003,359419.29979796795,603307.138164,603100.8071227481,243764.87491199997,243681.50732478016
564585543.5517528,565280136.9369904,2024-02-12,-294004.4407920018,-294018.55300515797,2405830.5624799985,2405946.042346998,2699835.0032720002,2699964.595352156
565890671.8582128,566585002.9126608,2024-02-13,156080.06980499998,156048.69771096995,1305128.3064599999,1304865.9756704024,1149048.236655,1148817.2779594325
567641771.1990008,568335944.6545081,2024-02-14,1562918.4404279995,1562777.777768361,1751099.3407879993,1750941.7418473286,188180.90035999997,188163.96407896766
570285755.8053828,570980191.0153662,2024-02-15,2451651.407092,2451894.1205813023,2643984.606382,2644246.360858032,192333.19929,192352.24027672966
570649417.8718998,571343912.3588,2024-02-16,306146.479542,306196.38141816546,363662.06651699997,363721.34343384235,57515.58697500001,57524.96201567691
571188434.9347838,571883147.1845775,2024-02-17,514896.064116,515104.0821259029,539017.062884,539234.8257774052,24120.998767999998,24130.743651502275
571262363.5647758,571957093.483512,2024-02-18,36374.354988000014,36383.04845884213,73928.62999200002,73946.29893456808,37554.275004,37563.25047572595
573967366.2486708,574664246.6445408,2024-02-19,2581811.8140640003,2583864.354456181,2705002.6838950003,2707153.1610286967,123190.86983100002,123288.80657251563
574756385.4486709,575453749.5133104,2024-02-20,-2451172.9024360003,-2452675.4714251934,789019.2000000001,789502.8687696003,3240192.1024360005,3242178.3401947934
589373406.6175668,590079540.8949077,2024-02-21,-9963735.336000012,-9969713.577201609,14617021.168895995,14625791.381597333,24580756.504896007,24595504.95879894
589617821.7916908,590324121.7825198,2024-02-22,-250799.29547099996,-250969.33739332928,244415.174124,244580.88761205607,495214.469595,495550.22500538535
590468985.5224779,591176498.4216232,2024-02-23,-965981.019763,-967357.5427161623,851163.730787,852376.6391033716,1817144.75055,1819734.181819534
590847798.5870779,591555852.4312794,2024-02-24,363813.0646,364332.58965624886,378813.0646,379354.00965624885,15000.0,15021.420000000002
590857798.5870779,591565859.3712795,2024-02-25,-240935.539608,-241102.74887248792,10000.0,10006.94,250935.539608,251109.68887248792
591877998.5870779,592586289.9364794,2024-02-26,1020200.0,1020430.5652000001,1020200.0,1020430.5652000001,0.0,0.0
593594991.7310158,594303751.8195457,2024-02-27,1716993.143938,1717461.8830662952,1716993.143938,1717461.8830662952,0.0,0.0
594862929.3774219,595571454.8974872,2024-02-28,-443176.4885959998,-443094.5009456095,1267937.646406,1267703.077941415,1711114.1350019998,1710797.5788870244
595144516.4663159,595853176.0218354,2024-02-29,-818412.911106,-818802.4756516863,281587.088894,281721.1243483135,1100000.0,1100523.5999999999
595415091.5268779,596123796.8095827,2024-03-01,38943.19660399997,38949.77800422604,270575.06056199997,270620.787747235,231631.863958,231671.00974300894
596430630.4517128,597139948.1043894,2024-03-02,-1384461.0751649998,-1385295.9051933242,1015538.9248350001,1016151.2948066754,2400000.0,2401447.1999999997
598650742.4517128,599360570.7301494,2024-03-03,-2206070.711816,-2206578.1080797175,2220112.0,2220622.62576,4426182.711816,4427200.733839718
599115008.0975229,599824146.9414754,2024-03-04,384265.64581,383695.0113259722,464265.64581,463576.2113259722,80000.0,79881.2
600884653.1498928,601598405.4584969,2024-03-05,-3510968.5727650006,-3520121.6678341986,1769645.0523700002,1774258.517021529,5280613.625135001,5294380.1848557275
601134653.1498928,601848617.2084969,2024-03-06,-67007.33061299997,-67064.08582202921,250000.0,250211.75,317007.33061299997,317275.8358220292
601168064.9548428,601882041.1753439,2024-03-07,-340664.48622799997,-340788.4881009869,33411.80495,33423.9668470018,374076.291178,374212.45494798874
601468064.9548428,602182206.7753439,2024-03-08,300000.0,300165.60000000003,300000.0,300165.60000000003,0.0,0.0
601712785.7866918,602427099.4012169,2024-03-09,240720.831849,240889.817872958,244720.831849,244892.625872958,4000.0,4002.808
602175652.2945378,602890472.7478889,2024-03-10,-545978.6391700001,-546576.4857798913,462866.50784599996,463373.34667209134,1008845.147016,1009949.8324519825
603252306.7950608,603967884.1365258,2024-03-11,1076654.500523,1077411.3886368677,1076654.500523,1077411.3886368677,0.0,0.0
603807067.2079748,604522890.8630631,2024-03-12,-3498388.319098,-3499941.6035116804,554760.412914,555006.7265373338,4053148.732012,4054948.330049014
612675216.0695648,613394400.7530717,2024-03-13,6937023.115196999,6939652.246957654,8868148.861589998,8871509.890008537,1931125.7463929993,1931857.643050883
656873539.6763388,657630425.5298822,2024-03-14,-22362575.228636004,-22381650.505306005,44198323.606774,44236024.77681059,66560898.83541001,66617675.28211659
657511848.4163388,658269312.5776006,2024-03-15,-5549426.520524001,-5554454.300951596,638308.74,638887.0477184397,6187735.260524001,6193341.3486700365
662076843.7824378,662845323.277518,2024-03-16,-4141950.018913001,-4151944.544308638,4564995.366099,4576010.6999173965,8706945.385012,8727955.244226035
662087244.4117728,662855731.5513155,2024-03-17,10320.629335,10328.214997561223,10400.629335,10408.273797561224,80.0,80.05879999999999
662415132.1283989,663183994.0436016,2024-03-18,-99070.89484999998,-99184.13288281357,327887.71662600007,328262.4922861034,426958.61147600005,427446.625168917
681006165.0777909,681809215.9025875,2024-03-19,-3425868.938137997,-3432169.1111152433,18591032.949392002,18625221.85898593,22016901.88753,22057390.970101174
681752580.7137009,682556742.2049638,2024-03-20,-664959.14545,-665948.6046584294,746415.63591,747526.3023762341,1411374.78136,1413474.9070346635
682213554.4461958,683018355.3080257,2024-03-21,460973.732495,461613.10306197056,460973.732495,461613.10306197056,0.0,0.0
693130372.6694008,693945697.3439978,2024-03-22,3269044.5487900004,3272195.907735033,10916818.223205,10927342.035972169,7647773.674415,7655146.128237136
693130372.6694008,693945697.3439978,2024-03-23,-100.0,-100.1479,0.0,0.0,100.0,100.1479
693640442.4015098,694456422.5157126,2024-03-24,86248.75789000001,86359.58754388866,510069.732109,510725.1717147601,423820.97421899997,424365.5841708714
699874277.5126778,700693991.6941122,2024-03-25,-5821895.050146001,-5825382.365281036,6233835.111167998,6237569.178399593,12055730.161314,12062951.543680629
706235805.0951058,707060016.8765409,2024-03-26,-7638575.440021997,-7643975.912858099,6361527.582428001,6366025.182428775,14000103.022449998,14010001.095286874
706706718.2124918,707531290.7133749,2024-03-27,-6431036.758661998,-6435962.932819135,470913.117386,471273.83683391765,6901949.876047999,6907236.769653052
765753030.9301398,766615629.256413,2024-03-28,32347719.91594799,32368551.847573817,59046312.71764801,59084338.54303812,26698592.80170002,26715786.695464306
765755030.9301398,766617631.208413,2024-03-29,-299490.92295900005,-299783.226099808,2000.0,2001.9520000000002,301490.92295900005,301785.178099808
767223300.1595498,768088141.0166671,2024-03-30,1061421.7124220002,1063041.4419551557,1468269.2294100001,1470509.8082540794,406847.516988,407468.36629892373
767233300.1595498,768098144.9966671,2024-03-31,-76287.52854,-76317.89097635892,10000.0,10003.98,86287.52854,86321.87097635891
767234453.1816199,768099298.9976529,2024-04-01,95.35647199999994,95.4374296447279,1153.02207,1154.00098573743,1057.665598,1058.5635560927021
773182313.5920019,774055058.1666598,2024-04-02,2836093.941644002,2839860.274398502,5947860.410382003,5955759.169006987,3111766.4687380004,3115898.8946084846
777851869.611689,778728732.7347562,2024-04-03,-8550006.012423005,-8557547.117725953,4669556.019687,4673674.568096366,13219562.032110004,13231221.68582232
789739088.421689,790621015.4999692,2024-04-04,11844064.159131002,11849109.730462791,11887218.810000002,11892282.765213061,43154.650869,43173.03475027019
797082018.0842711,797970847.5164341,2024-04-05,7336016.147237,7342912.002415403,7342929.662582,7349832.016464827,6913.515345000001,6920.0140494243
805150554.6761351,806034655.9458553,2024-04-06,-4158713.501299002,-4156276.495187235,8068536.591863996,8063808.429421171,12227250.093162999,12220084.924608406
805795023.9276831,806679435.1871133,2024-04-07,-500243.6207360001,-500484.237917574,644469.2515479999,644779.2412579946,1144712.872284,1145263.4791755686
807158749.0571271,808043853.0889231,2024-04-08,-1789687.357596,-1790596.5187736584,1363725.129444,1364417.9018097573,3153412.48704,3155014.420583416
807807515.8171211,808693352.3065891,2024-04-09,370494.62215999997,370912.9105884185,648766.759994,649499.2176660331,278272.137834,278586.3070776146
814557515.8171211,815445694.5565891,2024-04-10,6288342.365622,6290524.420422871,6750000.0,6752342.25,461657.634378,461817.8295771292
817894542.9390612,818786265.6013327,2024-04-11,-7813070.731283,-7821368.212399621,3337027.1219399995,3340571.0447435,11150097.853223,11161939.257143121
842031862.5996362,842965077.3144042,2024-04-12,6840804.555034015,6852563.89806411,24137319.66057501,24178811.71307154,17296515.105540995,17326247.81500743
842031862.5996362,842965077.3144042,2024-04-13,-1901268.162948,-1906490.9465916182,0.0,0.0,1901268.162948,1906490.9465916182
846031862.5996362,846969729.3144042,2024-04-14,2364589.436508,2367339.4540226585,4000000.0,4004652.0,1635410.563492,1637312.5459773415
846531863.5996362,847470007.3149582,2024-04-15,-1499999.0,-1500829.999446,500001.0,500278.000554,2000000.0,2001108.0
846606515.5451832,847544744.7369828,2024-04-16,-1276249.844187,-1277711.1502585942,74651.945547,74737.42202465131,1350901.789734,1352448.5722832454
846612105.5451832,847550343.2393728,2024-04-17,-594410.0,-595314.09761,5590.0,5598.502390000001,600000.0,600912.6000000001
846612105.5451832,847550343.2393728,2024-04-18,-40785.477501999994,-40846.81886016301,0.0,0.0,40785.477501999994,40846.81886016301
846670065.3942832,847608362.0336394,2024-04-19,-9942040.1509,-9952151.205733465,57959.8491,58018.7942665347,10000000.0,10010170.0
848730575.3942832,849670464.8078694,2024-04-20,2060510.0,2062102.7742299996,2060510.0,2062102.7742299996,0.0,0.0
854994766.9554912,855940669.9929762,2024-04-21,-18407546.318607002,-18425217.563072868,6264191.561207997,6270205.185106765,24671737.879815,24695422.748179633
866931683.2466052,867878493.4897283,2024-04-22,-8000250.711323999,-8000858.73037806,11936916.291114006,11937823.49675213,19937167.002438005,19938682.22713019
867508475.5644011,868455699.9444085,2024-04-23,-621581.060182,-622027.3553832107,576792.3177959998,577206.4546801775,1198373.3779779999,1199233.8100633882
885622490.6731812,886592176.4319234,2024-04-24,-4158926.9568039887,-4164084.026230462,18114015.10878001,18136476.487514865,22272942.065584,22300560.513745327
885646312.1111242,886616013.2823367,2024-04-25,-23821.437943,-23836.850413349122,23821.437943,23836.850413349122,47642.875886,47673.700826698245
913146817.0999792,914137556.1575081,2024-04-26,16931317.19420699,16944269.651860572,27500504.98885499,27521542.875171475,10569187.794648,10577273.223310905
913646817.0999792,914637947.6575081,2024-04-27,500000.0,500391.5,500000.0,500391.5,0.0,0.0
913656736.3248872,914647884.5584749,2024-04-28,9919.224908,9936.900966786056,9919.224908,9936.900966786056,0.0,0.0
915121279.9660431,916112867.5627233,2024-04-29,-105294.49592600041,-105326.08427477768,1464543.6411559999,1464983.004248347,1569838.1370820003,1570309.0885231246
915121730.8660431,916113319.0173303,2024-04-30,-191664.060502,-191899.80729641748,450.90000000000003,451.4546070000001,192114.960502,192351.26190341747
915198341.5742241,916190071.6851536,2024-05-01,-270283.0483680001,-270783.8828566259,76610.708181,76752.66782325941,346893.75654900004,347536.5506798853
921027352.5634881,922025278.9130992,2024-05-02,-8803793.680668,-8813152.113350548,5829010.989264,5835207.227945588,14632804.669932,14648359.341296136
930060412.0456581,931064390.5451223,2024-05-03,1947940.9375299988,1949246.0579581466,9033059.48217,9039111.632023053,7085118.544640002,7089865.574064907
930060677.2728671,931064655.7659658,2024-05-04,163.61315100000002,163.60922428437598,265.227209,265.220843546984,101.614058,101.611619262608
930060697.2728671,931064675.7775258,2024-05-05,-1597.30854,-1598.23178433612,20.0,20.01156,1617.30854,1618.24334433612
933904256.5981921,934911186.9564127,2024-05-06,-715451.8495820016,-716001.3166024797,3843559.325324999,3846511.1788868504,4559011.174907001,4562512.49548933
937793399.475064,938803157.2401562,2024-05-07,-6835715.950818001,-6840685.51631424,3889142.8768720003,3891970.283743487,10724858.827690002,10732655.800057728
937793399.475064,938803157.2401562,2024-05-08,-150165.832724,-150401.29274971125,0.0,0.0,150165.832724,150401.29274971125
937819419.4793041,938829196.2910392,2024-05-09,-431870.100883,-432186.2297968463,26020.00424,26039.05088310368,457890.105123,458225.28067994997
944624307.3910401,945636921.8410344,2024-05-10,4364623.692224,4366443.740303659,6804887.911735999,6807725.549995195,2440264.2195119993,2441281.8096915362
946641533.2566001,947656766.0657679,2024-05-11,1977476.338924,1980043.1032119233,2017225.86556,2019844.2247334968,39749.526635999995,39801.12152157353
953457623.1352402,954482057.6657441,2024-05-12,-40372925.41294603,-40427428.86225355,6816089.87864,6825291.599976155,47189015.29158603,47252720.4622297
959044552.4694642,960069987.060319,2024-05-13,-32288520.374929007,-32294300.020076122,5586929.334223998,5587929.394574825,37875449.709153004,37882229.41465095
990358346.2119362,991410648.037822,2024-05-14,-81952743.90959804,-82023059.36387235,31313793.742471997,31340660.97750307,113266537.65207003,113363720.34137541
998358346.2119362,999410440.037822,2024-05-15,7932185.691794,7931979.454966013,8000000.0,7999792.0,67814.308206,67812.54503398664
1001358641.3584602,1002412295.3378222,2024-05-16,-1068807.1899080002,-1069362.9696467523,3000295.146524,3001855.3000001926,4069102.336432,4071218.269646945
1058368867.8335192,1059445154.8727918,2024-05-17,-28213731.429453008,-28224932.280830465,57010226.475059055,57032859.53496956,85223957.90451206,85257791.81580003
1058368867.8335192,1059445154.8727918,2024-05-18,-507748.111864,-507820.7198439965,0.0,0.0,507748.111864,507820.7198439965
1058372185.2790632,1059448473.8111863,2024-05-19,3317.445544,3318.9383944948,3317.445544,3318.9383944948,0.0,0.0
1060010591.0216203,1061086499.443611,2024-05-20,-6601956.9918,-6600425.337777901,1638405.7425570001,1638025.632424727,8240362.734357,8238450.9702026285
1064600983.5154963,1065680871.8077792,2024-05-21,-8796808.256431995,-8804435.089190327,4590392.493875999,4594372.3641681895,13387200.750307994,13398807.453358516
1087495161.0221581,1088590914.9794533,2024-05-22,-36213743.36539598,-36238839.48954828,22894177.506662,22910043.171674136,59107920.87205798,59148882.66122242
1088958500.816538,1090056325.3996425,2024-05-23,-786315.5318730008,-787428.1683506002,1463339.7943799994,1465410.4201890482,2249655.326253,2252838.5885396483
1102664588.9212332,1103777435.3769002,2024-05-24,-1474566.6150940098,-1476182.7401041538,13706088.104695,13721109.977257738,15180654.71978901,15197292.717361892
1114446172.144725,1115562341.0068612,2024-05-25,-3523166.4469839875,-3524159.979922056,11781583.223492004,11784905.629961029,15304749.670475991,15309065.609883085
1118674977.9584851,1119797050.2335372,2024-05-26,-1768006.8095590062,-1770474.947065143,4228805.813759994,4234709.2266760105,5996812.623319,6005184.173741153
1179784894.3521032,1180969482.071626,2024-05-27,16129102.918443128,16145602.99072855,61109916.39361811,61172431.83808865,44980813.47517498,45026828.8473601
1185565047.3879392,1186755444.161263,2024-05-28,-183403.72868399974,-183588.04943132773,5780153.035835999,5785962.089637015,5963556.764519999,5969550.139068343
1224130164.8700352,1225372470.2914898,2024-05-29,-11764445.203358054,-11780280.146601789,38565117.48209594,38617026.130226836,50329562.685453996,50397306.276828624
1229665547.483153,1230911107.7095842,2024-05-30,-278905.20667700004,-279069.202938525,5535382.613117996,5538637.418094516,5814287.819794996,5817706.621033041
1238692386.9060571,1239948021.0852842,2024-05-31,-6927306.248083968,-6935037.121856863,9026839.422904024,9036913.375699954,15954145.670987992,15971950.497556817
1240388816.5545452,1241646450.8243277,2024-06-01,-606363.8137719994,-607078.7167084373,1696429.6484880005,1698429.7390435676,2302793.46226,2305508.455752005
1247401612.455084,1248662914.4171226,2024-06-02,1779186.8240669994,1780117.3387759877,7012795.900538999,7016463.592794984,5233609.076471999,5236346.254018996
1247402137.455084,1248663439.7189977,2024-06-03,525.0,525.301875,525.0,525.301875,0.0,0.0
1321239107.5068521,1322535334.6576002,2024-06-04,-1144139.343437016,-1144680.5213464946,73836970.05176802,73871894.93860248,74981109.39520504,75016575.45994897
1341515414.1600282,1342827497.3825788,2024-06-05,-66297.52898400277,-66349.37365167215,20276306.65317599,20292162.724978786,20342604.182159994,20358512.098630458
1351108588.0739672,1352427261.8069968,2024-06-06,-8595788.888227008,-8601694.195193226,9593173.913939007,9599764.424417874,18188962.802166015,18201458.6196111
1390034347.4423702,1391384395.3374507,2024-06-07,-2880513.3704450354,-2882835.0642215684,38925759.36840298,38957133.53045396,41806272.738848016,41839968.594675526
1397494876.7903903,1398853325.2415166,2024-06-08,-5493980.680432008,-5500166.9026781805,7460529.348019994,7468929.904065866,12954510.028452002,12969096.806744047
1411606496.2002923,1412976346.8399017,2024-06-09,-65559443.04631803,-65612415.076299444,14111619.409902012,14123021.598385202,79671062.45622005,79735436.67468464
1421871879.9619324,1423249131.9432337,2024-06-10,-1598509.055459002,-1599661.5804879852,10265383.76164,10272785.103332141,11863892.817099001,11872446.683820127
1471607208.7566285,1473012063.8454108,2024-06-11,-6084893.532354929,-6088270.648265429,49735328.79469604,49762931.90217708,55820222.32705097,55851202.55044251
1497386165.8459785,1498819841.8087866,2024-06-12,-14309030.989157978,-14325028.485803895,25778957.08935001,25807777.96337589,40087988.07850799,40132806.44917978
1506759159.2501166,1508196856.227095,2024-06-13,-5381102.843665037,-5383411.336784942,9372993.404137976,9377014.41830837,14754096.247803014,14760425.755093312
1511787364.4882317,1513228742.1114442,2024-06-14,184454.07232999988,184589.09271094296,5028205.238115001,5031885.884349296,4843751.165785001,4847296.791638353
1514192985.2490487,1515636270.5295246,2024-06-15,-37324.56901500048,-37354.167398228776,2405620.7608169992,2407528.418080328,2442945.3298319997,2444882.585478557
1517144669.6861348,1518591992.8709204,2024-06-16,-723339.759418,-724329.2882088842,2951684.437086,2955722.3413959336,3675024.196504,3680051.629604818
1519775071.066907,1521223685.7787704,2024-06-17,1667887.8865440001,1668706.8194962933,2630401.380772,2631692.907849959,962513.494228,962986.0883536658
1541820722.0571709,1543288075.5723763,2024-06-18,9414400.198263008,9422402.438431516,22045650.990264006,22064389.79360572,12631250.792000998,12641987.355174202
1546949314.2113929,1548421780.932976,2024-06-19,-117926.88740699925,-118044.46051374543,5128592.154222,5133705.360599758,5246519.041629,5251749.821113504
1547397237.6052408,1548870214.0636463,2024-06-20,-447923.3938479999,-448433.13067019905,447923.39384800004,448433.13067019905,895846.787696,896866.2613403981
1566438703.0553157,1567929407.1180553,2024-06-21,-18713174.54269502,-18730596.508194245,19041465.450074982,19059193.054409035,37754639.99277,37789789.56260328
1566439059.7850907,1567929764.2637773,2024-06-22,-18076.773011999998,-18097.850529331994,356.729775,357.14572191764995,18433.502786999998,18454.996251249642
1568695736.8789697,1570191171.352845,2024-06-23,-11603109.453084,-11627429.570497666,2256677.0938790003,2261407.089067771,13859786.546963,13888836.659565436
1568720838.4110048,1570216295.7272742,2024-06-24,-840150.6288330002,-840915.165905238,25101.532034999993,25124.374429151863,865252.1608680002,866039.5403343899
1571132879.1033888,1572630632.6823974,2024-06-25,-288378.4086399982,-288652.9448850225,2412040.6923840013,2414336.955123152,2700419.1010239995,2702989.9000081746
1585213668.972504,1586718857.2085633,2024-06-26,7275013.806859,7278855.014149021,14080789.869114997,14088224.52616589,6805776.062255997,6809369.512016868
1589874453.2749078,1591383370.1384091,2024-06-27,-1885245.4492499977,-1886753.6456093974,4660784.302404001,4664512.929845924,6546029.751653999,6551266.575455321
1590196624.158393,1591706100.3105478,2024-06-28,-1401218.0616089995,-1403650.5761639534,322170.883485,322730.17213873006,1723388.9450939996,1726380.7483026835
1615456300.2476928,1616999119.1722858,2024-06-29,-39950199.91507703,-40002934.17896488,25259676.089299988,25293018.861737873,65209876.00437702,65295953.04070276
1623921291.0810978,1625467047.35751,2024-06-30,8253783.891633003,8256647.954643398,8464990.833405003,8467928.185224192,211206.94177200002,211280.230580795
1628711636.2447379,1630261023.6027842,2024-07-01,-14158374.508090992,-14169106.555968132,4790345.163640001,4793976.245274037,18948719.67173099,18963082.80124217
1632715484.136098,1634268338.8264182,2024-07-02,-6477426.671152003,-6483036.12264922,4003847.8913600002,4007315.223633918,10481274.562512003,10490351.346283138
1633757995.6022358,1635311976.2049396,2024-07-03,1004916.9761629999,1006002.2864972559,1042511.4661379999,1043637.3785214289,37594.489975,37635.092024173
1671317567.9509258,1672925709.4569564,2024-07-04,-70472518.668745,-70574140.04066531,37559572.34869,37613733.2520168,108032091.017435,108187873.29268211
1699960584.9523258,1701594161.4574537,2024-07-05,5499733.291026004,5504617.054188423,28643017.00140001,28668452.000497237,23143283.710374005,23163834.946308814
1699961192.7265267,1701594769.9457893,2024-07-06,607.7742010000001,608.488335686175,607.7742010000001,608.488335686175,0.0,0.0
1703939440.6490588,1705575615.6642148,2024-07-07,-7594613.683451999,-7599572.966187294,3978247.922532,3980845.7184254145,11572861.605983999,11580418.684612708
1703939466.7266147,1705575641.753193,2024-07-08,-21522.133078000003,-21531.55977228817,26.077556,26.088977969527996,21548.210634000003,21557.648750257697
1773934458.1963036,1775642938.0490701,2024-07-09,-852958.8566620797,-853839.9631609619,69994991.46968897,70067296.29587717,70847950.32635105,70921136.25903814
1778030843.1061316,1779742641.0306752,2024-07-10,-879520.5295970012,-880232.941225973,4096384.909828,4099702.9816049607,4975905.439425001,4979935.922830934
1780491202.8809085,1782206046.7308533,2024-07-11,-1441935.9090269995,-1443721.0256823758,2460359.7747770003,2463405.700178174,3902295.683804,3907126.7258605496
1788355595.0386906,1790075228.3034594,2024-07-12,7839209.980757,7843984.059635281,7864392.157782,7869181.572606089,25182.177025,25197.512970808228
1794825053.0752556,1796541121.6686463,2024-07-13,-2609406.405935997,-2607968.6230063336,6469458.036565002,6465893.365186849,9078864.442501,9073861.988193182
1794856434.8208177,1796572489.763149,2024-07-14,-3460.616822000018,-3459.111453682406,31381.745561999996,31368.094502680546,34842.362384000015,34827.20595636295
1805989306.1534357,1807709213.0692482,2024-07-15,6567771.146938997,6570043.595755839,11132871.332617998,11136723.306099083,4565100.185679001,4566679.7103432445
1816023787.2142918,1817743172.337089,2024-07-16,-561922.5120499954,-561893.2920793705,10034481.060856005,10033959.267840836,10596403.572906,10595852.559920207
1816050798.687728,1817770191.0766115,2024-07-17,-1749139.9877580001,-1749610.5064147073,27011.473436,27018.739522354284,1776151.4611940002,1776629.2459370615
1821497890.298328,1823219842.8202684,2024-07-18,-552292.8134539984,-552552.3910763236,5447091.610600002,5449651.743656983,5999384.4240540005,6002204.134733306
1833602885.8349519,1835329547.2001562,2024-07-19,-2114455.665059002,-2115278.1883127075,12104995.536624001,12109704.379887749,14219451.201683003,14224982.568200456
1896426095.218803,1898186492.6474464,2024-07-20,-38496036.326781034,-38516708.698288456,62823209.38385102,62856945.44729011,101319245.71063206,101373654.14557856
1931822632.2671819,1933589401.072494,2024-07-21,-15727043.07105098,-15729873.938803852,35396537.048379034,35402908.42504766,51123580.11943001,51132782.36385151
1964561731.9223888,1966336980.1545117,2024-07-22,-28724012.26485313,-28731451.784029525,32739099.655206885,32747579.082017723,61463111.920060016,61479030.86604725
1983377726.9571388,1985161103.6991167,2024-07-23,-3789700.9589680023,-3791338.109782271,18815995.03475,18824123.544605017,22605695.993718002,22615461.654387288
2009935048.3170109,2011735952.8910863,2024-07-24,-51067991.01983397,-51101695.8939071,26557321.35987201,26574849.191969518,77625312.37970598,77676545.08587661
2036416193.335871,2038234548.9845138,2024-07-25,-1714763.2505960204,-1715893.279578153,26481145.01885999,26498596.093427435,28195908.26945601,28214489.373005588
2036416193.365751,2038234549.0144062,2024-07-26,-655938.8070729999,-656214.3013719707,0.02988,0.029892549600000002,655938.8369529999,656214.3312645203
2036458466.165751,2038276852.927187,2024-07-27,19173.142925000007,19187.254358192797,42272.8,42303.9127808,23099.657074999996,23116.6584226072
2039111427.728533,2040931729.9282174,2024-07-28,-9011588.796676999,-9018095.163788198,2652961.5627820003,2654877.0010303278,11664550.359459,11672972.164818525
2075396349.532139,2077251194.9773805,2024-07-29,-26595145.433380984,-26620464.0118336,36284921.80360601,36319465.04916303,62880067.236986995,62939929.06099663
2077366480.030579,2079222866.1178703,2024-07-30,718448.5170860002,719010.3438263608,1970130.4984400002,1971671.1404897796,1251681.981354,1252660.7966634189
2086807540.2655141,2088674028.2872567,2024-07-31,-9440960.234955002,-9451062.062406402,9441060.234934997,9451162.169386383,18882020.46989,18902224.231792785
2137236864.3221402,2139131945.7706227,2024-08-01,-55635232.72881399,-55666777.90577132,50429324.05662602,50457917.483366035,106064556.78544001,106124695.38913736
2157606035.46676,2159526313.5799484,2024-08-02,6781534.732571015,6789923.491035216,20369171.14462001,20394367.809325922,13587636.412048994,13604444.318290707
2171966526.23108,2173903304.5481567,2024-08-03,7538148.940054007,7546810.273186127,14360490.764320005,14376990.96820821,6822341.824265998,6830180.695022084
2181271089.831088,2183216902.8794203,2024-08-04,-26315638.296807993,-26341190.781594202,9304563.600008,9313598.33126361,35620201.89681599,35654789.11285781
3009775693.2380943,3012928637.4935937,2024-08-05,-295290197.2938218,-295720435.1112703,828504603.407006,829711734.6141735,1123794800.7008278,1125432169.7254438
3136241600.5692945,3139410605.995025,2024-08-06,-65941408.05444786,-65949782.613270864,126465907.33120018,126481968.50143139,192407315.38564804,192431751.11470225
3141975145.3602057,3145149224.9730763,2024-08-07,3209719.196059,3212559.797547512,5733544.790911,5738618.978050956,2523825.594852,2526059.1805034433
3150778294.210746,3153949134.264839,2024-08-08,-16914632.376279004,-16908407.791564543,8803148.85054,8799909.291763,25717781.226819,25708317.083327543
3185020620.566463,3188176085.8160224,2024-08-09,-15238529.954167992,-15231687.854218565,34242326.35571699,34226951.55118327,49480856.30988498,49458639.40540183
3185934398.854215,3189090407.8018556,2024-08-10,-3647571.2510979995,-3649741.555992402,913778.2877519999,914321.9858332126,4561349.538849999,4564063.541825615
3203800817.3762193,3206960113.744868,2024-08-11,-26791354.38827101,-26796283.997478463,17866418.522004,17869705.94301205,44657772.91027501,44665989.940490514
3219566380.502209,3222730737.616621,2024-08-12,-18918368.991185002,-18924441.787631184,15765563.125990016,15770623.871753441,34683932.11717502,34695065.65938462
3250818095.925424,3253984984.4287853,2024-08-13,-10320876.924147885,-10321712.91517876,31251715.423215073,31254246.812164366,41572592.34736296,41575959.72734313
3319217308.354424,3322409778.1632338,2024-08-14,-53496866.82925399,-53516874.65744801,68399212.42899998,68424793.73444849,121896079.25825396,121941668.3918965
3370334070.089897,3373545248.633502,2024-08-15,-65177044.22847106,-65200899.026658654,51116761.735473044,51135470.47026819,116293805.9639441,116336369.49692684
3370369996.764644,3373581194.9960666,2024-08-16,-28128.517148000014,-28143.931575397102,35926.674747,35946.36256476135,64055.19189500001,64090.294140158454
3477597801.210404,3480891779.3068585,2024-08-17,-33517980.67295806,-33543856.554037526,107227804.44575982,107310584.31079207,140745785.11871788,140854440.8648296
3482202615.851996,3485496819.5843678,2024-08-18,-5681953.458137998,-5682231.873857445,4604814.641592,4605040.277509437,10286768.099729998,10287272.151366882
3522732390.679836,3526041266.1906953,2024-08-19,-29133786.13414398,-29144332.56472455,40529774.827840045,40544446.60632767,69663560.96198402,69688779.17105222
3579813813.243484,3583168639.2995067,2024-08-20,-10925250.530887954,-10934045.357565373,57081422.56364802,57127373.1088116,68006673.09453598,68061418.46637698
3599663209.778988,3603023375.3226786,2024-08-21,-2482305.8154940084,-2482973.5557583906,19849396.535503987,19854736.02317204,22331702.350997996,22337709.57893043
3607727407.124113,3611089395.1764035,2024-08-22,-6451691.503103002,-6453149.585382709,8064197.345125004,8066019.853724994,14515888.848228006,14519169.439107703
3672248233.357779,3675564734.227575,2024-08-23,-35652759.64408787,-35627624.44853874,64520826.23366604,64475339.051171534,100173585.87775391,100102963.49971028
3687506565.854949,3690826209.9412394,2024-08-24,-17413705.12640989,-17417292.349665932,15258332.497170018,15261475.71366441,32672037.623579904,32678768.06333034
3703182706.237109,3706498917.248656,2024-08-25,-7887633.560049918,-7885906.168300407,15676140.382160027,15672707.307416247,23563773.942209944,23558613.475716654
3974253272.9752364,3977754083.042735,2024-08-26,-40115196.78926492,-40142515.23827338,271070566.7381271,271255165.79407936,311185763.527392,311397681.03235275
4097004875.585741,4100576022.321535,2024-08-27,-87694511.85525191,-87744760.81054458,122751602.61050442,122821939.27879995,210446114.46575633,210566700.08934453
4200276671.7330437,4203895013.679677,2024-08-28,-108814471.31989661,-108864199.53329115,103271796.14730284,103318991.3581421,212086267.46719944,212183190.89143324
4254581279.8033934,4258228837.629169,2024-08-29,-55521345.843378186,-55551216.32744189,54304608.07034989,54333823.94949176,109825953.91372807,109885040.27693366
4376632831.343535,4380378640.668301,2024-08-30,-69803463.95085388,-69859655.73933464,122051551.540142,122149803.03913188,191855015.49099588,192009458.77846652
4411452859.352136,4415234150.285441,2024-08-31,3154868.92310898,3158083.734541718,34820028.00859996,34855509.61714082,31665159.08549098,31697425.882599104
4442166055.132191,4446008772.457056,2024-09-01,6713250.116865002,6726676.617098734,30713195.780054998,30774622.171615124,23999945.663189996,24047945.55451639
4501036051.146317,4504906437.369308,2024-09-02,6869256.164593928,6872484.714991398,58869996.01412597,58897664.91225265,52000739.849532045,52025180.19726125
4585040191.199017,4588959215.819099,2024-09-03,-30021649.393829077,-30039031.92882791,84004140.0526999,84052778.44979061,114025789.44652897,114091810.37861852
4709482466.148876,4713415801.630579,2024-09-04,-113804309.71181917,-113817397.20743458,124442274.94985983,124456585.8114792,238246584.661679,238273983.01891378
5034604195.554932,5038807382.072041,2024-09-05,-211069694.13597584,-211244881.98210263,325121729.40605545,325391580.441462,536191423.5420313,536636462.4235646
5245482820.730959,5249869893.409222,2024-09-06,-63320556.161782205,-63375771.68675393,210878625.17602724,211062511.33718103,274199181.33780944,274438283.02393496
5245517783.896819,5249904901.048228,2024-09-07,-354708.04111,-355159.22973829194,34963.165859999994,35007.63900697391,389671.20697,390166.8687452658
5245517783.896819,5249904901.048228,2024-09-08,-94896.71615999998,-94926.13414200963,0.0,0.0,94896.71615999998,94926.13414200963
5253058601.235211,5257447792.111388,2024-09-09,-3610923.096631998,-3611916.1004835702,7540817.3383920025,7542891.06316006,11151740.435024,11154807.16364363
5258391380.08472,5262781008.248762,2024-09-10,-847631.6614530012,-847701.16724924,5332778.849507999,5333216.137373658,6180410.510961,6180917.304622898
5436235221.194143,5440729599.3806,2024-09-11,-464082.3856022358,-464355.73012664914,177843841.10942394,177948591.13183752,178307923.49502617,178412946.86196417
5468915036.292451,5473416440.639154,2024-09-12,-30328249.81800783,-30334770.391719393,32679815.09830797,32686841.258554235,63008064.9163158,63021611.65027363
5529272616.781151,5533785126.922665,2024-09-13,-43338347.85728033,-43346322.11328583,60357580.48869997,60368686.28350984,103695928.3459803,103715008.39679568
5535587948.886931,5540101715.779534,2024-09-14,-163816.68977099285,-163849.289292261,6315332.105781003,6316588.856870055,6479148.795551996,6480438.146162316
5539944349.878271,5544463453.362089,2024-09-15,-1852236.8196370006,-1854505.8097410537,4356400.991339999,4361737.582554392,6208637.810977,6216243.392295445
5544265430.673781,5548786634.202866,2024-09-16,-3620999.480445005,-3622759.2861924935,4321080.795509999,4323180.840776619,7942080.275955004,7945940.126969112
5556537270.050525,5561060927.947484,2024-09-17,-6753759.713871999,-6755110.465814818,12271839.37674299,12274293.744618315,19025599.09061499,19029404.210433133
5593692195.874518,5598186055.5209675,2024-09-18,-13633530.163576968,-13622596.072385825,37154925.82399401,37125127.57348315,50788455.98757098,50747723.64586897
5772914435.7577505,5777404352.514923,2024-09-19,-25133189.548454046,-25132636.618282914,179222239.88323215,179218296.99395564,204355429.4316862,204350933.61223856
5818017039.391807,5822513090.103073,2024-09-20,-40290928.73370105,-40296408.30000882,45102603.63405602,45108737.58815026,85393532.36775707,85405145.88815908
5823520991.174207,5828018379.345757,2024-09-21,-1099912.3050500005,-1100179.5837401226,5503951.782400001,5505289.242683125,6603864.087450001,6605468.826423247
5833937481.126731,5838435025.5456295,2024-09-22,987546.5323169976,987561.3455149848,10416489.952523995,10416646.19987329,9428943.420206998,9429084.854358304
5840626395.583021,5845124923.272345,2024-09-23,-3486618.0780459987,-3487130.6109034736,6688914.456290002,6689897.726715077,10175532.534336,10177028.33761855
5916346015.917102,5920836593.046289,2024-09-24,-7269653.594008729,-7268890.280381486,75719620.33408028,75711669.77394518,82989273.92808901,82980560.05432667
5965813376.810862,5970318447.876791,2024-09-25,-24082616.759198047,-24089672.965908803,49467360.89375997,49481854.830501504,73549977.65295802,73571527.7964103
6115574767.704742,6120164304.195136,2024-09-26,-17539622.26058495,-17549514.607539803,149761390.89388102,149845856.31834543,167301013.15446597,167395370.92588523
8089755751.352837,8095283023.810473,2024-09-27,-659821619.1080525,-660135034.3770893,1974180983.648094,1975118719.6153376,2634002602.7561464,2635253753.992427
8131664536.883677,8137244195.323227,2024-09-28,-10577668.272230044,-10590890.357570253,41908785.53083999,41961171.5127536,52486453.80307003,52552061.87032385
8147589176.394319,8153179695.438015,2024-09-29,2525300.3359219953,2527022.5907511096,15924639.510641996,15935500.114788266,13399339.17472,13408477.524037156
8218631498.520906,8224329149.38637,2024-09-30,42001697.82072404,42065036.3810377,71042322.12658803,71149453.94835494,29040624.30586399,29084417.567317244
8332414733.359166,8338184977.928456,2024-10-01,-14750822.592168063,-14760233.61698185,113783234.83825998,113855828.5420868,128534057.43042804,128616062.15906864
8337655430.245206,8343431156.583439,2024-10-02,-2735812.193588,-2738673.8531424934,5240696.886039999,5246178.654982798,7976509.079627999,7984852.508125291
8436545615.233723,8442374544.49148,2024-10-03,-33696663.59960309,-33714792.404619515,98890184.98851687,98943387.90804085,132586848.58811995,132658180.31266037
8523293971.471203,8529188569.234632,2024-10-04,-21145641.10807009,-21161648.358388767,86748356.23747998,86814024.74315177,107893997.34555008,107975673.10154054
8523313889.340691,8529208503.616034,2024-10-05,-678404.7295649999,-678967.1270858094,19917.869488,19934.381401805553,698322.599053,698901.5084876149
8523316002.073619,8529210616.082757,2024-10-06,-8110.394248999999,-8109.3723393246255,2112.732928,2112.4667236510722,10223.127176999998,10221.839062975698
8576573069.967644,8582497667.706006,2024-10-07,-5917441.988224953,-5920773.508064359,53257067.894025065,53287051.62324941,59174509.88225002,59207825.13131377
8769796851.058062,8775850135.834631,2024-10-08,-54082515.965804726,-54118534.921438634,193223781.09041873,193352468.12862504,247306297.05622345,247471003.05006367
8880398904.812252,8886532486.67985,2024-10-09,-8507850.29096876,-8514026.990279213,110602053.75419134,110682350.84521775,119109904.0451601,119196377.83549696
8920082994.752811,8926239910.865295,2024-10-10,-50955075.10839218,-50985036.69255572,39684089.940559834,39707424.18544493,90639165.04895201,90692460.87800065
8945736726.83237,8951895874.819546,2024-10-11,-31807482.28621496,-31810249.53717386,25653732.079559993,25655963.95425093,57461214.36577495,57466213.49142479
8949702867.258987,8955861654.327383,2024-10-12,-8276389.986739004,-8275636.835250201,3966140.4266159968,3965779.507837176,12242530.413355,12241416.343087377
8960391022.154057,8966556874.092838,2024-10-13,964918.2428809777,965556.0538395327,10688154.895069975,10695219.765455635,9723236.652188998,9729663.711616103
9009266325.714207,9015428121.002792,2024-10-14,-28822913.89079404,-28820521.588941082,48875303.56014992,48871246.9099545,77698217.45094396,77691768.49889559
9143408425.472412,9149533197.541464,2024-10-15,-134926704.6834955,-134889464.91300243,134142099.75820479,134105076.53867161,269068804.4417003,268994541.45167404
9940529777.690031,9946417007.59612,2024-10-16,-394827552.01765025,-394709893.4071412,797121352.2176188,796883810.0546572,1191948904.235269,1191593703.4617984
10107108007.682062,10112999735.200361,2024-10-17,-176475846.60311493,-176480611.45097372,166578229.99203083,166582727.6042408,343054076.59514576,343063339.0552145
10208706531.297047,10214610450.638178,2024-10-18,-39181853.49145813,-39186555.313877165,101598523.61498393,101610715.43781751,140780377.10644206,140797270.75169468
10237969583.841778,10243870489.088497,2024-10-19,-21172102.620075,-21169921.89350508,29263052.544732016,29260038.450319886,50435155.164807014,50429960.34382497
10251717964.115757,10257603278.699247,2024-10-20,-26896995.931503054,-26866494.738116704,13748380.273979995,13732789.610749299,40645376.20548305,40599284.348866
10374696455.473017,10380585090.475775,2024-10-21,-9038470.851088598,-9038714.88980116,122978491.3572598,122981811.77652657,132016962.2083484,132020526.66632773
10411435228.687586,10417329999.065472,2024-10-22,-7397099.330490045,-7398334.646078147,36738773.21456995,36744908.58969692,44135872.545059994,44143243.23577507
10437582652.668966,10443459590.503696,2024-10-23,-9248077.197252017,-9241770.00860342,26147423.981379997,26129591.43822476,35395501.17863201,35371361.44682818
10473256137.154387,10479138211.970882,2024-10-24,11821214.991331976,11822917.246290758,35673484.485419996,35678621.46718589,23852269.49408802,23855704.220895134
10836348896.417042,10842664140.895338,2024-10-25,-120877741.59064716,-121021948.7363652,363092759.26265556,363525928.92445654,483970500.8533027,484547877.66082174
10870283857.17245,10876627030.123447,2024-10-26,-22311341.63136995,-22329703.86553266,33934960.75540808,33962889.22810969,56246302.38677803,56292593.09364235
10876243552.528313,10882587935.297468,2024-10-27,3803698.0610259986,3804470.211732389,5959695.355864,5960905.174021241,2155997.294838001,2156434.9622888523
10897092376.319082,10903438969.06356,2024-10-28,-20703937.110478006,-20706131.727811705,20848823.790769972,20851033.76609182,41552760.90124798,41557165.493903525
10940877894.413557,10947220809.174515,2024-10-29,-42623787.18026498,-42620206.78214175,43785518.09447411,43781840.11095414,86409305.27473909,86402046.8930959
11042453415.290329,11048813699.465357,2024-10-30,-61805630.10473867,-61816198.867487475,101575520.87677188,101592890.29084153,163381150.98151055,163409089.158329
11051620143.920101,11057986157.300522,2024-10-31,2107201.9802970085,2108518.981534683,9166728.629772007,9172457.835165605,7059526.649474999,7063938.853630922
11179005184.4348,11185440240.507177,2024-11-01,-26393581.768677622,-26407887.089996964,127385040.51469752,127454083.20665574,153778622.28337514,153861970.2966527
11201991446.401136,11208451902.292988,2024-11-02,-1407102.4856469892,-1408657.3338936158,22986261.966338012,23011661.785810802,24393364.451985,24420319.119704418
11221548400.195736,11228025264.371822,2024-11-03,-4640278.446539998,-4644171.640156671,19556953.7946,19573362.078833655,24197232.241139997,24217533.718990326
11264136358.401608,11270647037.41651,2024-11-04,-12990016.455998003,-13000330.529064015,42587958.20587101,42621773.0446865,55577974.66186901,55622103.57375052
11265363168.824598,11271874353.285395,2024-11-05,-42387.69045799994,-42405.15418646857,1226810.4229899999,1227315.868884272,1269198.1134479998,1269721.0230707405
11270836360.274332,11277345612.698545,2024-11-06,-2906792.9765979983,-2905766.878677265,5473191.449733002,5471259.413151243,8379984.426331,8377026.291828508
11368160850.154327,11374651610.925463,2024-11-07,4234463.856517211,4233659.308384329,97324489.87999524,97305998.22691794,93090026.02347803,93072338.91853361
11459550314.109787,11466026635.345617,2024-11-08,11008592.336301804,11006852.978712901,91389463.95545985,91375024.42015514,80380871.61915804,80368171.44144224
11854057019.18081,11860142384.271915,2024-11-09,-9145180.233108878,-9136117.359498203,394506705.07102454,394115748.92629755,403651885.3041334,403251866.28579575
11951739578.968475,11957799253.546356,2024-11-10,4884144.168224961,4882859.638308838,97682559.787665,97656869.27444081,92798415.61944003,92774009.63613197
12081291758.781504,12087289248.313074,2024-11-11,-36243190.171885595,-36225793.44060354,129552179.81302844,129489994.76671775,165795369.98491403,165715788.2073213
12086830222.061216,12092829555.901058,2024-11-12,-4882500.874453001,-4884126.747244191,5538463.279711999,5540307.587984144,10420964.154165,10424434.335228335
12127859775.750704,12133868546.387896,2024-11-13,-21292429.39783211,-21297326.65659354,41029553.68948791,41038990.48683658,62321983.08732002,62336317.14343012
12176543396.208748,12182574658.67859,2024-11-14,28558269.677229017,28571463.59781992,48683620.45804401,48706112.29069565,20125350.78081499,20134648.69287573
12231400513.967815,12237441650.718855,2024-11-15,-30768321.00985107,-30773859.307632677,54857117.75906682,54866992.040263765,85625438.76891789,85640851.34789644
12239552702.731543,12245598926.448372,2024-11-16,-2721361.2398840003,-2723059.369297686,8152188.763727998,8157275.729516569,10873550.003611999,10880335.098814255
12303322433.30495,12309424901.924145,2024-11-17,-63769730.573407985,-63825975.47577389,63769730.57340803,63825975.47577367,127539461.14681602,127651950.95154756
12877503915.236897,12883722368.515444,2024-11-18,-219255780.58854902,-219300070.25622714,574181481.9319452,574297466.5912994,793437262.5204942,793597536.8475266
12998329411.10992,13004557892.904625,2024-11-19,-86166574.6265956,-86173726.45228937,120825495.87302418,120835524.38918191,206992070.49961978,207009250.84147128
13075030587.41068,13081265972.311253,2024-11-20,-29621007.39029795,-29623673.280962974,76701176.30076012,76708079.40662712,106322183.69105807,106331752.68759009
13177420582.300058,13183592280.62381,2024-11-21,-14972988.095702246,-14963674.89710638,102389994.88937785,102326308.31255691,117362982.9850801,117289983.20966329
13606249096.16508,13612140769.469276,2024-11-22,327313106.2975613,327099370.8391495,428828513.86502016,428548488.845467,101515407.56745887,101449118.0063175
13781203379.09301,13786954389.153732,2024-11-23,12000057.660429955,11990409.614071041,174954282.92792988,174813619.6844559,162954225.26749992,162823210.07038486
13812270729.159498,13818016582.04011,2024-11-24,-18189196.147799987,-18186176.741239525,31067350.066487987,31062192.886376917,49256546.214287974,49248369.62761644
13815170937.339775,13820917947.40345,2024-11-25,-7322198.193796003,-7325119.750875328,2900208.180275999,2901365.363339927,10222406.374072002,10226485.114215255
13976098156.824032,13981888456.309748,2024-11-26,-12188517.329859555,-12191796.041021943,160927219.48425618,160970508.90629745,173115736.81411573,173162304.9473194
14158435851.402552,14164173090.619146,2024-11-27,-133462284.89319149,-133423447.36828735,182337694.57852063,182284634.3093985,315799979.4717121,315708081.67768586
14195293713.338213,14201032979.737213,2024-11-28,-32336966.1517108,-32338744.684849404,36857861.935661055,36859889.11806733,69194828.08737186,69198633.80291674
14629363476.526672,14634935191.997082,2024-11-29,-235725720.50682163,-235634730.37870574,434069763.1884593,433902212.259869,669795483.6952809,669536942.6385747
14691801471.355421,14697319177.960302,2024-11-30,-6185766.1209239885,-6180415.433229268,62437994.828748055,62383985.96322125,68623760.94967204,68564401.39645052
14706686440.203173,14712187014.20891,2024-12-01,-6284175.799645983,-6276942.713300612,14884968.847752012,14867836.248608239,21169144.647397995,21144778.96190885
14816467722.814556,14821897927.01814,2024-12-02,18343266.284718886,18331508.251030445,109781282.61138399,109710912.80923004,91438016.3266651,91379404.5581996
15082864075.207872,15088081695.122248,2024-12-03,-102899800.08150876,-102817686.04104328,266396352.3933168,266183768.1041078,369296152.47482556,369001454.1451511
15304223548.72149,15309465075.459005,2024-12-04,-40829487.34802657,-40833896.93266106,221359473.5136179,221383380.33675802,262188960.86164448,262217277.26941907
15825345253.624022,15830602935.134388,2024-12-05,44263176.79044092,44264548.94892073,521121704.90253097,521137859.6753819,476858528.11209005,476873310.7264612
15841718497.923634,15846967779.959675,2024-12-06,-54586013.83675596,-54558011.211657815,16373244.299611997,16364844.825286292,70959258.13636796,70922856.0369441
15943681965.053171,15948830813.07409,2024-12-07,30796949.19452195,30766614.1995655,101963467.12953693,101863033.11441438,71166517.93501498,71096418.91484888
16070254965.65059,16075426343.665615,2024-12-08,-58311009.66334742,-58321389.023067355,126573000.59741989,126595530.59152645,184884010.2607673,184916919.6145938
16095747663.843454,16100928117.259035,2024-12-09,-5065471.148568992,-5067274.456297863,25492698.192863025,25501773.5934197,30558169.341432016,30569048.049717564
16258124033.983109,16263342645.845673,2024-12-10,-82784636.66783017,-82804091.05744681,162376370.1396549,162414528.58663797,245161006.80748507,245218619.64408478
16550766155.898342,16555777869.780708,2024-12-11,-93222311.42582816,-93156403.25165623,292642121.9152337,292435223.93503666,385864433.34106183,385591627.1866929
16639221776.884802,16644220399.335262,2024-12-12,-115085759.99825221,-115068727.3057725,88455620.98646012,88442529.55455388,203541380.98471233,203511256.86032638
16683531236.684042,16688520820.004704,2024-12-13,-10729241.140950039,-10727052.375757195,44309459.79923996,44300420.669440985,55038700.94019,55027473.04519818
16712898086.026852,16717890929.06779,2024-12-14,-8427903.243998993,-8428838.741259098,29366849.342808988,29370109.063086085,37794752.58680798,37798947.80434518
16800603410.301886,16805571169.62008,2024-12-15,7659837.266866073,7657646.553407341,87705324.2750341,87680240.55229099,80045487.00816803,80022593.99888365
16874689498.406187,16879667852.034983,2024-12-16,-6891219.860465124,-6892205.304904878,74086088.10430203,74096682.41490106,80977307.96476716,80988887.71980594
16954702652.491278,16959715171.736866,2024-12-17,-4683364.556986049,-4685364.353651971,80013154.08508992,80047319.70188425,84696518.64207597,84732684.05553623
17218084288.058945,17223246934.836803,2024-12-18,-350159.71256020665,-350359.3035966158,263381635.56766605,263531763.09993926,263731795.28022626,263882122.40353587
17448287851.471024,17453664817.76642,2024-12-19,-98174842.96516767,-98266243.74396855,230203563.41208026,230417882.92961675,328378406.3772479,328684126.6735853
17612560210.916935,17618062352.75023,2024-12-20,-22430372.668711603,-22447464.612685204,164272359.44591227,164397534.98380995,186702732.11462387,186844999.59649515
17711828152.802036,17717424102.840412,2024-12-21,31853820.725019038,31883922.585604146,99267941.88510303,99361750.09018444,67414121.160084,67477827.50458029
17807508504.499462,17813197742.88074,2024-12-22,4455456.2530799955,4459800.3229267,95680351.697424,95773640.04032892,91224895.444344,91313839.71740222
18049832934.10287,18055624433.393444,2024-12-23,-89925745.04511932,-89963693.70952785,242324429.60340968,242426690.51270258,332250174.648529,332390384.22223043
18223853406.83837,18229741661.511784,2024-12-24,-190356955.85430464,-190462794.32176033,174020472.73549905,174117228.1183398,364377428.5898037,364580022.44010013
18378208798.757698,18384125609.178616,2024-12-25,-173707278.25330615,-173739414.09978276,154355391.91932797,154383947.6668328,328062670.1726341,328123361.76661557
18432340159.14671,18438292371.47732,2024-12-26,11265790.190517984,11273158.017302595,54131360.38901,54166762.298704416,42865570.19849201,42893604.28140182
18448457106.10346,18454425435.381027,2024-12-27,-6383053.043249998,-6389436.096293248,16116946.956750002,16133063.903706748,22500000.0,22522499.999999996
18477622482.61004,18483629339.34997,2024-12-28,12260582.602453,12276778.83207082,29165376.506581,29203903.968946174,16904793.904128,16927125.136875354
18561416959.277843,18567576740.9377,2024-12-29,14748681.789323911,14775598.13358961,83794476.66780591,83947401.58772483,69045794.878482,69171803.45413522
19027261358.542595,19033777045.323483,2024-12-30,148616536.4288203,148730079.4626484,465844399.2647506,466200304.3857851,317227862.8359303,317470224.9231367
19092486825.73189,19099065781.215954,2024-12-31,18293755.110345066,18311500.05280201,65225467.18929606,65288735.8924696,46931712.07895099,46977235.83966759
19194128272.8557,19200810191.125698,2025-01-01,10688625.329810113,10699452.907269105,101641447.12380813,101744409.90974438,90952821.79399802,91044957.00247528
19220306465.002007,19226999718.429203,2025-01-02,-11720709.13379101,-11725784.20084593,26178192.146305,26189527.30350436,37898901.28009601,37915311.50435029
20126990839.385887,20133276084.844612,2025-01-03,-457448730.9907707,-457242879.0618285,906684374.3838819,906276366.4154092,1364133105.3746526,1363519245.4772377
23146654213.21026,23153787984.077003,2025-01-04,-1477043021.14213,-1477458070.2311015,3019663373.8243704,3020511899.23239,4496706394.9665,4497969969.463491
24731282264.076553,24738210033.296696,2025-01-05,-682675133.239963,-682586385.4726481,1584628050.8662958,1584422049.2196913,2267303184.106259,2267008434.6923394
26414235612.808414,26421639657.82626,2025-01-06,-1045916935.5575721,-1046212930.0503092,1682953348.7318609,1683429624.5295634,2728870284.289433,2729642554.5798726
26982340710.609,26989993017.554585,2025-01-07,-181404647.70984626,-181483921.5409013,568105097.8005856,568353359.7283239,749509745.5104319,749837281.2692252
27446423629.745144,27454272243.765526,2025-01-08,-118272448.96132523,-118322478.20723766,464082919.1361436,464279226.2109396,582355368.0974689,582601704.4181772
27514039261.39268,27521940480.374485,2025-01-09,-57355645.558259025,-57400268.25050329,67615631.64753786,67668236.60895994,124971277.20579688,125068504.85946323
28604550024.71231,28612965964.774403,2025-01-10,373283719.8910183,373459909.80680966,1090510763.3196292,1091025484.3999188,717227043.4286109,717565574.5931091
28695876989.5374,28704376767.7532,2025-01-11,-566992.6639039814,-567513.1631694734,91326964.82508902,91410802.97879839,91893957.488993,91978316.14196786
29008232162.070404,29016952775.393185,2025-01-12,75563939.46380073,75617363.16900006,312355172.53300565,312576007.63998467,236791233.06920493,236958644.4709846
30313070890.9623,30322356499.454678,2025-01-13,-318614415.1371901,-318752375.1789701,1304838728.8918962,1305403724.061492,1623453144.0290864,1624156099.240462
32063075195.202774,32072607554.302055,2025-01-14,-235089520.82810998,-235122668.45051098,1750004304.2404764,1750251054.847376,1985093825.0685863,1985373723.297887
33022667216.89738,33032099778.4264,2025-01-15,-423424387.86716497,-423380351.73084795,959592021.6946069,959492224.1243457,1383016409.5617719,1382872575.8551936
33732877968.496063,33742357403.9347,2025-01-16,-195158770.98074186,-195171651.4596138,710210751.5986843,710257625.5083005,905369522.5794262,905429276.9679143
34249297461.84358,34258739715.078697,2025-01-17,-119842948.24277222,-119834319.55049694,516419493.3475163,516382311.1439954,636262441.5902885,636216630.6944923
35168413153.28729,35178128383.88278,2025-01-18,-623197042.7812092,-623382132.3029077,919115691.4437168,919388668.8040817,1542312734.224926,1542770801.1069894
36892328760.44385,36905302191.53685,2025-01-19,-645005082.8189147,-646224142.4254427,1723915607.1565535,1727173807.6540675,2368920689.975468,2373397950.07951
37062223771.5058,37075319357.11175,2025-01-20,-69921478.21687573,-69971751.75971434,169895011.06194904,170017165.57490146,239816489.27882478,239988917.3346158
37729920865.952065,37743377007.98901,2025-01-21,-405582811.4890244,-405801826.2072352,667697094.4462651,668057650.8772622,1073279905.9352895,1073859477.0844975
38140326239.749725,38153914121.91165,2025-01-22,17273222.67890203,17278767.383372128,410405373.7976603,410537113.9226411,393132151.11875826,393258346.539269
38757124760.11393,38771071002.216194,2025-01-23,-134057307.54061055,-134135194.83628774,616798520.3642077,617156880.3045421,750855827.9048183,751292075.1408298
38925793760.28489,38939818096.13423,2025-01-24,-97244993.0304681,-97290017.46224108,168669000.1709597,168747093.91803965,265913993.20142782,266037111.38028073
39075770300.947914,39089902769.88307,2025-01-25,14377650.810128778,14388017.096363068,149976540.6630237,150084673.74884188,135598889.85289493,135696656.6524788
39082340093.80148,39096477674.03548,2025-01-26,1946366.5721979998,1947880.845391171,6569792.853567999,6574904.152408077,4623426.281369999,4627023.307016906
39270207795.42266,39284425219.42984,2025-01-27,-986303.5095351934,-986722.6885263026,187867701.62117764,187947545.39436722,188854005.13071284,188934268.08289352
39553494337.4146,39567928192.33986,2025-01-28,-88514925.64659554,-88582551.04978973,283286541.99193925,283502972.91002125,371801467.6385348,372085523.959811
39601306319.545555,39615762407.0425,2025-01-29,-1602217.1312379614,-1602962.16220399,47811982.13095702,47834214.702647865,49414199.26219498,49437176.864851855
39621831624.17939,39636290051.561066,2025-01-30,2377912.1100819893,2378183.1920625344,20525304.633835994,20527644.518564254,18147392.523754004,18149461.32650172
39693503617.74892,39708000246.30317,2025-01-31,-47586545.25749485,-47611908.886117205,71671993.56952904,71710194.74210152,119258538.8270239,119322103.62821873
39711170180.567924,39725690535.31604,2025-02-01,-23463018.046242025,-23494528.879478075,17666562.819005977,17690289.012871936,41129580.865248,41184817.89235001
39893470753.64766,39908165023.142494,2025-02-02,-20073126.29067725,-20092276.05315879,182300573.07973784,182474487.82645553,202373699.3704151,202566763.87961432
40345866759.430305,40360716200.75513,2025-02-03,-33457254.43424827,-33468730.272515357,452396005.78264785,452551177.6126345,485853260.2168961,486019907.88514984
40583683435.14024,40598675566.47049,2025-02-04,25822810.138402015,25838303.82448432,237816675.7099363,237959365.71536142,211993865.57153428,212121061.8908771
40639619115.26916,40654651967.774536,2025-02-05,31947866.407540046,31971124.454284683,55935680.128912054,55976401.30404585,23987813.72137201,24005276.849761166
40768966953.80608,40784097722.62524,2025-02-06,57441703.5333378,57485186.90291262,129347838.53692977,129445754.85070235,71906135.00359197,71960567.94778973
40794982686.29254,40810127763.764565,2025-02-07,3588370.044663992,3590343.648188539,26015732.48645999,26030041.139327526,22427362.441795997,22439697.491138987
40806007387.61489,40821161196.65036,2025-02-08,4448764.250556009,4452287.671842436,11024701.322346007,11033432.885793291,6575937.071789999,6581145.213950855
40810675909.53713,40825832813.802635,2025-02-09,4280375.216419,4283213.105187488,4668521.922239,4671617.152273446,388146.70582000003,388404.0470859587
40836253561.69407,40851431158.28017,2025-02-10,5117344.595770989,5121484.527548995,25577652.156935994,25598344.477530986,20460307.561165005,20476859.94998199
40893747170.57476,40908958975.85814,2025-02-11,-12920267.527247973,-12927955.086426683,57493608.88069209,57527817.57797607,70413876.40794006,70455772.66440275
40928976668.7388,40944196752.95425,2025-02-12,-21384115.38457202,-21389140.651687406,35229498.16404001,35237777.09610855,56613613.54861203,56626917.747795954
40955085801.35474,40970320062.82919,2025-02-13,-34826895.99804597,-34845807.00257293,26109132.61593601,26123309.874946453,60936028.613981985,60969116.877519384
40987170710.66823,41002418576.14423,2025-02-14,-2723621.6463519856,-2724776.461930014,32084909.313488007,32098513.315036952,34808530.95983999,34823289.77696697
40987783284.567986,41003031529.227234,2025-02-15,484277.8253419999,484577.5933158867,612573.8997569999,612953.0830009496,128296.07441500002,128375.48968506287
41021376821.44077,41036663698.66743,2025-02-16,4861523.858722981,4867114.611160517,33593536.87279098,33632169.440194696,28732013.014067996,28765054.82903418
41040972387.27966,41056273118.571365,2025-02-17,-20689084.997370005,-20703712.18046312,19595565.83889,19609419.9039381,40284650.836260006,40313132.08440122
41047318709.715485,41062624188.056366,2025-02-18,-1395591.641769996,-1396635.5443180455,6346322.435820002,6351069.4850019915,7741914.077589998,7747705.029320037
41059396790.60331,41074705457.55755,2025-02-19,10952514.593944,10955406.0577968,12078080.887828,12081269.501182387,1125566.2938840003,1125863.4433855857
41840149448.22084,41855494029.797325,2025-02-20,-49004119.43600154,-49006373.625496864,780752657.617527,780788572.2397747,829756777.0535285,829794945.8652716
42077241639.414085,42092797944.31731,2025-02-21,-96626997.81262535,-96713285.72167203,237092191.19324684,237303914.51998278,333719189.0058722,334017200.2416548
42137657257.96433,42153249933.069916,2025-02-22,-57179950.23910308,-57214372.569146916,60415618.550245,60451988.75261228,117595568.78934808,117666361.3217592
42154492275.26824,42170097021.08123,2025-02-23,7397488.937522998,7402792.937091207,16835017.303907998,16847088.011314906,9437528.366385,9444295.074223699
42258312227.053635,42274049135.665245,2025-02-24,-58072509.61380097,-58146435.918539345,103819951.78539202,103952114.58401498,161892461.399193,162098550.50255433
42436199092.7088,42452084181.079506,2025-02-25,-100166675.9570922,-100250114.79816425,177886865.65517005,178035045.41426092,278053541.61226225,278285160.2124252
42689969546.476395,42706115510.87357,2025-02-26,-105561073.09513572,-105669589.87827751,253770453.76759216,254031329.79406515,359331526.8627279,359700919.67234266
42983083214.09531,42999448134.4022,2025-02-27,-36888800.58129609,-36916356.5153293,293113667.61891377,293332623.52862644,330002468.20020986,330248980.04395574
43058610277.346,43075003520.30161,2025-02-28,-18974946.75490512,-18982062.359937936,75527063.25069593,75555385.89941515,94502010.00560105,94537448.25935309
43091283916.92553,43107716498.94319,2025-03-01,-6309505.308672007,-6317101.953063641,32673639.579527993,32712978.641581748,38983144.8882,39030080.59464539
43263540960.34056,43280009716.33733,2025-03-02,-115084239.66719109,-115108407.35752189,172257043.4150284,172293217.39414525,287341283.0822195,287401624.75166714
43390659627.029755,43407181899.98521,2025-03-03,38490736.60704209,38506941.20715347,127118666.68919611,127172183.64787205,88627930.08215402,88665242.44071858
43595645820.38587,43612242913.3019,2025-03-04,-71730440.26902953,-71756621.87972772,204986193.35612026,205061013.3166954,276716633.6251498,276817635.1964231
43668904360.41526,43685523284.37622,2025-03-05,22369898.59380301,22376564.82358396,73258540.029387,73280371.07431576,50888641.43558399,50903806.250731796
43767676859.17084,43784326303.833916,2025-03-06,9778976.695587963,9781998.399386927,98772498.75557996,98803019.45769545,88993522.059992,89021021.05830853
43925218690.27593,43941938241.053856,2025-03-07,-156077590.8175282,-156147045.34544182,157541831.10509604,157611937.21993792,313619421.92262423,313758982.56537974
43982667023.06755,43999470907.99802,2025-03-08,-155145999.293134,-155373753.62009636,57448332.79161998,57532666.94415811,212594332.084754,212906420.56425446
44085274897.69772,44102153275.94517,2025-03-09,24574462.386994004,24592303.446686864,102607874.63016999,102682367.94715141,78033412.24317598,78090064.50046454
44360721092.512634,44377813767.89964,2025-03-10,-64972962.86873317,-65023511.833842516,275446194.8149074,275660491.9544754,340419157.68364054,340684003.7883179
45430488924.629906,45448636391.09938,2025-03-11,-401135028.96277535,-401530548.1013335,1069767832.1172739,1070822623.1997386,1470902861.0800493,1472353171.3010721
46265656072.044586,46284488375.574936,2025-03-12,-501611864.3261802,-502023186.05494595,835167147.4146786,835851984.4755552,1336779011.7408588,1337875170.5305011
47245561907.02486,47265253587.97249,2025-03-13,-452797485.0532124,-453194588.44759965,979905834.980273,980765212.3975487,1432703320.0334854,1433959800.8451483
50672135655.80437,50695692511.94063,2025-03-14,-400265667.44250154,-400717167.11538124,3426573748.7795115,3430438923.9681425,3826839416.222013,3831156091.0835238
56463945727.1073,56492825256.69932,2025-03-15,-1801202124.3036003,-1802857429.0553398,5791810071.302935,5797132744.758688,7593012195.606535,7599990173.814028
58052031950.21661,58082475744.738365,2025-03-16,-548240266.9835238,-548780283.6465356,1588086223.1093128,1589650488.0390475,2136326490.0928366,2138430771.685583
61024804124.37711,61057730183.66428,2025-03-17,-325525134.9888859,-325796948.47661066,2972772174.160496,2975254438.925921,3298297309.149382,3301051387.4025316
61668720275.90575,61702218776.65163,2025-03-18,-254831824.6288433,-255058370.12093747,643916151.5286361,644488592.9873452,898747976.1574794,899546963.1082827
66619686065.25704,66654382699.723915,2025-03-19,-1596535419.8155499,-1596921781.3871393,4950965789.351294,4952163923.072287,6547501209.166843,6549085704.459426
77034787850.08575,77076295961.11969,2025-03-20,-4531829013.118237,-4534792829.293257,10415101784.82871,10421913261.395775,14946930797.946947,14956706090.689032
84792154626.96037,84842032936.74643,2025-03-21,-3943583157.468543,-3947838283.6952343,7757366776.874621,7765736975.626745,11700949934.343164,11713575259.32198
86653459833.14078,86707010498.09863,2025-03-22,-758828691.6428165,-760325860.6514068,1861305206.1804032,1864977561.3522072,2620133897.82322,2625303422.003614
87411820796.32016,87465873496.23564,2025-03-23,-77660019.66083968,-77711430.5938524,758360963.1793818,758862998.1370087,836020982.8402215,836574428.7308611
93957636780.41177,94012114958.366,2025-03-24,-2138989322.5988398,-2139128356.9049158,6545815984.091609,6546241462.130351,8684805306.690449,8685369819.035267
95737870168.53078,95793336376.01543,2025-03-25,-504670294.8595233,-504950386.87315345,1780233388.1190062,1781221417.6494343,2284903682.9785295,2286171804.522588
95742938794.71808,95798408170.09409,2025-03-26,-719727.9810540006,-720177.8110421579,5068626.187296,5071794.078663062,5788354.168350001,5791971.88970522
95822134488.16475,95877660330.07019,2025-03-27,-59057637.41072987,-59099745.50620386,79195693.44667204,79252159.97609949,138253330.8574019,138351905.48230335
96043407272.94142,96099166557.6348,2025-03-28,-104452320.83230594,-104562518.03078434,221272784.77666995,221506227.56460902,325725105.6089759,326068745.59539336
96111811568.71642,96167657932.07831,2025-03-29,14149252.399753958,14167264.398058861,68404295.77498996,68491374.44351156,54255043.375236005,54324110.0454527
97508901734.28911,97566388281.50539,2025-03-30,599249446.0404145,599952964.8900771,1397090165.5726862,1398730349.4270766,797840719.5322717,798777384.5369995
99157808285.23895,99216617255.50911,2025-03-31,-1335604040.6643047,-1336675195.1049259,1648906550.949852,1650228974.0037158,2984510591.6141567,2986904169.1086416
102880355172.07803,102940478201.39926,2025-04-01,-1268569809.800314,-1269017614.9431176,3722546886.839078,3723860945.8901496,4991116696.639392,4992878560.833267
111458986091.43857,111521305250.27516,2025-04-02,253902730.95606613,253967730.0550871,8578630919.360539,8580827048.875902,8324728188.404473,8326859318.820815
123465012310.6304,123537524585.72607,2025-04-03,-6296082037.246059,-6301427410.896318,12006026219.191833,12016219335.450907,18302108256.437893,18317646746.347225
127724374905.64781,127798599444.50668,2025-04-04,-1900921419.02005,-1901685589.430635,4259362595.017412,4261074858.780603,6160284014.037462,6162760448.211238
127853325738.66255,127927696378.81523,2025-04-05,-242691174.5006255,-242966143.60133678,128950833.01474531,129096934.30855079,371642007.5153708,372063077.90988755
128607932329.3315,128682987397.66193,2025-04-06,-94192360.2426523,-94277792.71339023,754606590.6689492,755291018.8466903,848798950.9116015,849568811.5600805
129696296643.13287,129771845828.86177,2025-04-07,113440873.47057605,113492375.62713325,1088364313.8013775,1088858431.199843,974923440.3308015,975366055.5727097
130396859406.18987,130472721042.91109,2025-04-08,230547344.2576496,230650168.37319046,700562763.0569934,700875214.0493183,470015418.79934376,470225045.67612785
133359782203.78218,133436763825.32088,2025-04-09,-340814533.79706,-340943361.69086075,2962922797.5923166,2964042782.4097867,3303737331.3893766,3304986144.1006474
137865065126.71124,137945074298.3742,2025-04-10,-2395089475.674493,-2396698975.8019924,4505282922.929072,4508310473.05334,6900372398.603565,6905009448.855332
142132636159.85468,142215022368.5832,2025-04-11,-2670549743.1257496,-2672037239.3325863,4267571033.1434317,4269948070.2089777,6938120776.269181,6941985309.541564
142850213108.911,142932973175.23,2025-04-12,-53998248.083982706,-54026381.17121947,717576949.0563389,717950806.646807,771575197.1403216,771977187.8180264
143451480924.54346,143534566878.01855,2025-04-13,34393589.18002832,34412230.505372405,601267815.6324614,601593702.7885413,566874226.4524331,567181472.2831689
143850669216.95993,143934002267.98804,2025-04-14,-195080035.01783347,-195200789.5595107,399188292.41647303,399435389.96947956,594268327.4343065,594636179.5289903
144509580903.81802,144593429882.69693,2025-04-15,259170966.97280848,259373897.83994907,658911686.8580846,659427614.7088946,399740719.8852761,400053716.86894554
145216092859.76245,145300225856.44763,2025-04-16,110707013.0190438,110751517.23827624,706511955.9444237,706795973.7507126,595804942.9253799,596044456.5124364
145237888185.77316,145322032101.91666,2025-04-17,18645233.921848014,18654575.184042834,21795326.010704014,21806245.46903535,3150092.0888560005,3151670.284992518
145239670928.9991,145323816194.67923,2025-04-18,-5958141.961729998,-5962652.275195029,1782743.2259419993,1784092.7625640384,7740885.187671998,7746745.0377590675
145239670928.9991,145323816194.67923,2025-04-19,-274962.194814,-275090.87712117296,0.0,0.0,274962.194814,275090.87712117296
145239670959.19913,145323816224.88882,2025-04-20,-176717.85665499998,-176774.0529334163,30.2,30.2096036,176748.056655,176804.2625370163
145277671249.98755,145361825331.7447,2025-04-21,33508389.017876007,33516162.964128137,38000290.788416006,38009106.855878904,4491901.77054,4492943.891750766
145280164358.87018,145364317433.41132,2025-04-22,-5767624.169346996,-5765294.049182588,2493108.8826280027,2492101.666639416,8260733.051974999,8257395.715822005
145911787618.9523,145996057543.79657,2025-04-23,-700078918.7085526,-700208433.3085065,631623260.0821238,631740110.3852472,1331702178.7906764,1331948543.6937537
146192110739.4911,146276414303.10983,2025-04-24,-606889445.4178238,-606962272.1512703,280323120.53880185,280356759.31326735,887212565.9566256,887319031.4645376
146492372243.2536,146576743665.9722,2025-04-25,-130998958.01379663,-131028563.77831078,300261503.76252687,300329362.8623759,431260461.7763235,431357926.6406867
146536816045.48334,146621201023.5616,2025-04-26,6473130.061415061,6475104.366083741,44443802.229728,44457357.58940805,37970672.16831294,37982253.22332431
146620606103.76547,146705004153.09283,2025-04-27,29585846.920225047,29590462.31234456,83790058.28214109,83803129.53123295,54204211.36191604,54212667.218888395
148453285281.90277,148538146999.0622,2025-04-28,-2304491965.0889435,-2305075001.5560684,1832679178.1372898,1833142845.969363,4137171143.2262335,4138217847.525431
148811287827.0825,148896434156.26532,2025-04-29,-29659757.582446992,-29683337.089728653,358002545.1797075,358287157.203125,387662302.7621545,387970494.29285365
148955601622.5498,149040841178.4445,2025-04-30,-113576357.84036136,-113649728.16752505,144313795.46730646,144407022.1791772,257890153.30766782,258056750.34670225
150488297164.1939,150573834063.02368,2025-05-01,-1941444131.4266324,-1941820771.5880768,1532695541.6440983,1532992884.5791943,3474139673.0707307,3474813656.167271
151213914797.2757,151299739040.68817,2025-05-02,-791885812.1401212,-792199398.9217179,725617633.0817742,725904977.6644828,1517503445.2218955,1518104376.5862007
151931302809.76315,152017622768.29227,2025-05-03,221184247.55795306,221337085.8730052,717388012.487462,717883727.6040828,496203764.929509,496546641.7310776
151946036179.75668,152032379564.3441,2025-05-04,-7528321.132448994,-7540291.163049592,14733369.993531,14756796.051820723,22261691.125979993,22297087.214870315
151973704590.6053,152060068698.8324,2025-05-05,-81633013.44630904,-81694156.57338074,27668410.84859402,27689134.488319613,109301424.29490307,109383291.06170036
152281587532.35742,152368158230.03842,2025-05-06,64284072.65425646,64327207.26701078,307882941.75212127,308089531.2060392,243598869.0978648,243762323.9390284
152429670422.84436,152516264961.87073,2025-05-07,-171069461.03936434,-171097003.22259128,148082890.48694974,148106731.83231854,319152351.5263141,319203735.0549098
152953499262.6796,153040101135.30972,2025-05-08,-482470416.9051939,-482477171.4910375,523828839.8352413,523836173.43899727,1006299256.7404352,1006313344.9300348
154429656468.59933,154516181581.05475,2025-05-09,-2615953282.3884706,-2615817252.817788,1476157205.9197507,1476080445.7450378,4092110488.3082213,4091897698.562826
154461171831.77463,154547669588.8948,2025-05-10,-46385298.721609935,-46345036.28231968,31515363.175285,31488007.840048894,77900661.89689493,77833044.12236857
154716157972.0825,154802703666.59705,2025-05-11,-475132792.972382,-475222117.9374633,254986140.30787224,255034077.70225012,730118933.2802542,730256195.6397134
154742036137.85156,154828578804.62073,2025-05-12,-47088958.40164484,-47083448.99351215,25878165.769080043,25875138.023684975,72967124.17072488,72958587.01719713
154780183415.79828,154866712807.31473,2025-05-13,-30027290.45966004,-30016840.962579906,38147277.94671996,38134002.693994656,68174568.40638,68150843.65657456
154854069287.6886,154940618702.27634,2025-05-14,-97822681.51483938,-97849191.46152782,73885871.8903197,73905894.9616023,171708553.4051591,171755086.42313012
154956921815.35352,155043512679.5099,2025-05-15,-101597308.67184001,-101638252.3872349,102852527.66490611,102893977.23355481,204449836.33674613,204532229.6207897
155205938792.64984,155292613326.5106,2025-05-16,-223146718.1490308,-223221695.44632873,249016977.29633456,249100647.0007051,472163695.44536537,472322342.4470338
155263869092.15472,155350563032.66583,2025-05-17,-3145088.0878298506,-3146141.692339465,57930299.504895166,57949706.155229144,61075387.592725016,61095847.84756861
155330849745.83945,155417599079.35117,2025-05-18,-53119069.275405265,-53162998.74569561,66980653.684721954,67036046.685319506,120099722.96012722,120199045.43101512
155450069250.7334,155536863410.77896,2025-05-19,-78668509.73963782,-78698089.09930032,119219504.8939617,119264331.42780218,197888014.63359952,197962420.5271025
155642571738.61215,155729384571.39905,2025-05-20,-24745637.291970074,-24748037.61878702,192502487.87875053,192521160.62007436,217248125.1707206,217269198.23886138
155920037921.19156,156006912628.93716,2025-05-21,-458795281.0199547,-458897592.3676236,277466182.57940686,277528057.5381239,736261463.5993615,736425649.9057475
156371518205.9109,156458387495.8931,2025-05-22,-197204337.67156804,-197201971.21951652,451480284.7193333,451474866.9559206,648684622.3909013,648676838.1754371
157175599749.7757,157262938623.37952,2025-05-23,-2398150945.213218,-2399551465.3651934,804081543.8647971,804551127.4864155,3202232489.0780153,3204102592.8516088
157587715429.7219,157675294154.65143,2025-05-24,-942264466.1885657,-942812864.1078892,412115679.94618344,412355531.27191377,1354380146.1347492,1355168395.379803
158086077667.32922,158173747592.54822,2025-05-25,-674875967.9832491,-674999470.2853904,498362237.6073152,498453437.8967962,1173238205.5905643,1173452908.1821866
159259460771.57416,159347601223.41797,2025-05-26,-234781625.92644334,-234875773.35844517,1173383104.2449403,1173853630.8697424,1408164730.1713836,1408729404.2281876
159382710128.99985,159470845527.62,2025-05-27,-117205824.39671026,-117201018.95790924,123249357.42568018,123244304.20202576,240455181.82239044,240445323.159935
159514625578.76953,159602809390.35974,2025-05-28,-166768117.09203726,-166829320.99101138,131915449.7696867,131963862.73975098,298683566.86172396,298793183.73076236
159656714856.77777,159744931206.81265,2025-05-29,-213070085.6452151,-213118878.69482425,142089278.00825328,142121816.45291856,355159363.6534684,355240695.1477428
159686592192.18198,159774833310.5279,2025-05-30,-25234679.673980016,-25255599.22342974,29877335.40419599,29902103.715246096,55112015.07817601,55157702.938675836
159723480733.44455,159811751989.72867,2025-05-31,-62091586.436134055,-62142315.26225217,36888541.26257001,36918679.20078163,98980127.69870406,99060994.4630338
159759322419.32816,159847608227.33676,2025-06-01,-11437011.199384853,-11441654.625931822,35841685.88361001,35856237.60807881,47278697.08299486,47297892.23401063
159839759985.28137,159928076922.62802,2025-06-02,68562002.89365312,68588536.38877273,80437565.95322411,80468695.29124777,11875563.059570989,11880158.902475048
159848417366.95074,159936737481.55646,2025-06-03,-30314124.801653,-30325250.0854552,8657381.669369984,8660558.928442648,38971506.471022986,38985809.01389785
159851243455.44943,159939563923.3162,2025-06-04,627578.6699079983,627657.1172417346,2826088.4986879984,2826441.7597503327,2198509.82878,2198784.642508598
159867225717.0871,159955557708.16452,2025-06-05,-26732054.54792597,-26751328.35925503,15982261.637679972,15993784.84832076,42714316.18560594,42745113.20757579
160182467111.7397,160270995498.206,2025-06-06,-157552202.33334732,-157650357.35539985,315241394.65259945,315437790.04146975,472793596.9859468,473088147.3968696
160443321492.87857,160532010043.9349,2025-06-07,-533892985.93102664,-534220796.22438955,260854381.138887,261014545.72890627,794747367.0699136,795235341.9532958
160527627306.71103,160616363490.5522,2025-06-08,-272796085.73651034,-272950215.52495086,84305813.83245528,84353446.61726977,357101899.5689656,357303662.1422206
161261304445.35657,161349838867.9846,2025-06-09,-697177527.0535693,-696985803.2336112,733677138.6455321,733475377.4324175,1430854665.6991014,1430461180.6660287
161560879895.40607,161649389453.27173,2025-06-10,-98876591.78388834,-98868385.0267694,299575450.0494962,299550585.28714275,398452041.8333845,398418970.31391215
161819371456.41507,161907942276.7807,2025-06-11,-240776806.76270026,-240833870.86590284,258491561.0089996,258552823.50895965,499268367.77169985,499386694.3748625
162348735842.80087,162437441121.72064,2025-06-12,-585737528.3667467,-585886305.698967,529364386.38581663,529498844.9399442,1115101914.7525632,1115385150.6389112
162577869167.4141,162666689012.99615,2025-06-13,-105671819.08983356,-105724654.99937803,229133324.61321616,229247891.27552265,334805143.7030497,334972546.2749007
162623579866.75308,162712432166.93167,2025-06-14,-23031896.260514945,-23048248.90685974,45710699.338983,45743153.935514,68742595.59949794,68791402.84237374
162724320920.99765,162813248071.77954,2025-06-15,-57666823.78819002,-57709670.238264814,100741054.24457793,100815904.84788169,158407878.03276795,158525575.0861465
162939721165.35556,163028823867.33658,2025-06-16,-401143540.4001381,-401470472.3855624,215400244.3578965,215575795.55704904,616543784.7580346,617046267.9426115
163085858312.01096,163175042266.2455,2025-06-17,-315354045.40723544,-315529382.2564856,146137146.6553923,146218398.90893176,461491192.06262773,461747781.1654173
165287721500.27496,165378506209.0474,2025-06-18,-487803808.24819565,-488158441.6168113,2201863188.26402,2203463942.801872,2689666996.5122156,2691622384.418683
165338727602.28577,165429543322.76822,2025-06-19,-20971743.177714206,-20984493.997566514,51006102.01080089,51037113.720823295,71977845.1885151,72021607.71838981
165489265594.0659,165580194970.73215,2025-06-20,72205573.11680983,72260088.32451318,150537991.78013402,150651647.96392795,78332418.66332419,78391559.63941477
165980767888.3222,166072233002.4892,2025-06-21,-266069806.58692718,-266359822.67611164,491502294.256318,492038031.7570515,757572100.8432451,758397854.4331632
166026899064.64066,166118385768.19815,2025-06-22,-193274185.56100166,-193364637.8798439,46131176.318451,46152765.708968125,239405361.87945265,239517403.58881202
168665896864.94693,168757943036.03812,2025-06-23,-928363284.7849174,-928560097.8012581,2638997800.3062606,2639557267.8399625,3567361085.091178,3568117365.6412206
168760399509.98108,168852486506.2149,2025-06-24,4749484.9534308165,4751536.7309309095,94502645.03413476,94543470.1767896,89753160.08070394,89791933.44585869
168781999770.506,168874090222.78152,2025-06-25,-33458295.568798993,-33463648.8960899,21600260.524930988,21603716.566614997,55058556.09372998,55067365.4627049
168826356722.56345,168918483858.03833,2025-06-26,7045995.687874012,7051822.726308152,44356952.05744397,44393635.25679573,37310956.36956996,37341812.530487575
168848012967.08813,168940148851.68582,2025-06-27,-4132956.137738973,-4134625.852018703,21656244.524691008,21664993.64747893,25789200.66242998,25799619.499497633
168848052939.18887,168940188829.0229,2025-06-28,-3759552.7328100004,-3760045.2342179986,39972.100725000055,39977.337070195,3799524.8335350007,3800022.5712881936
168850078552.78067,168942213768.08536,2025-06-29,843274.3232759996,842993.5129263494,2025613.5917999994,2024939.0624739311,1182339.2685239997,1181945.5495475817
169240388521.6184,169332730601.20657,2025-06-30,5378579.830346465,5381430.477657795,390309968.8377268,390516833.12121207,384931389.0073803,385135402.6435543
169242315423.0755,169334658920.86313,2025-07-01,-2852817.7952129976,-2854917.4691102803,1926901.4570950023,1928319.6565674196,4779719.252308,4783237.1256777
169342474813.8929,169434818912.63687,2025-07-02,44511262.1359282,44511529.203500696,100159390.81740814,100159991.7737527,55648128.681479946,55648462.57025201
169350525566.50626,169442869286.86484,2025-07-03,-24296060.11257001,-24294918.197744712,8050752.613350001,8050374.2279771585,32346812.72592001,32345292.42572187
169350546890.6084,169442890624.37982,2025-07-04,-1783391.5553469998,-1784513.3086353138,21324.102132999997,21337.514993241686,1804715.6574799998,1805850.8236285555
169357100243.75928,169449447437.70117,2025-07-05,2897141.322036994,2898671.012655031,6553353.150884996,6556813.321348664,3656211.828848002,3658142.3086936334
169365650735.21658,169457998536.24338,2025-07-06,3453237.825737004,3453483.0056226244,8550491.457313005,8551098.54220647,5097253.631576001,5097615.5365838455
169420711877.16577,169513057971.29715,2025-07-07,16864483.450720012,16863960.651733026,55061141.94918402,55059435.0537836,38196658.49846401,38195474.40205058
169425033912.28525,169517379487.7724,2025-07-08,-13351960.882180002,-13350358.646874137,4322035.119468,4321516.475253672,17673996.001648,17671875.12212781
169538198602.7263,169630491443.4677,2025-07-09,98657940.97798492,98611966.3774893,113164690.44104993,113111955.69530453,14506749.46306501,14499989.317815231
169750034396.32236,169842166453.69644,2025-07-10,26946003.93186423,26925551.91487965,211835793.59608,211675010.22874075,184889789.66421577,184749458.3138611
169824330223.2324,169916399277.74527,2025-07-11,-10217143.596807927,-10208479.459038123,74295826.91004397,74232824.04882407,84512970.5068519,84441303.5078622
