borrow_amount_usd,day,pure_tvl_amount_usd,ratio,supply_amount_usd,tvl_amount_usd
0.0,2024-01-05 00:00:00,0.0,0,0.0,0.0
0.0,2024-01-06 00:00:00,0.0,0,0.0,0.0
0.0,2024-01-07 00:00:00,0.0,0,0.0,0.0
0.0,2024-01-08 00:00:00,0.0,0,0.0,0.0
0.0,2024-01-09 00:00:00,0.0,0,0.0,0.0
0.0,2024-01-10 00:00:00,0.0,0,0.0,0.0
0.0,2024-01-11 00:00:00,0.0,0,0.0,0.0
0.0,2024-01-12 00:00:00,0.0,0,0.0,0.0
0.0,2024-01-13 00:00:00,0.0,0,0.0,0.0
0.0,2024-01-14 00:00:00,0.0,0,0.0,0.0
0.0,2024-01-15 00:00:00,0.0,0,0.0,0.0
0.0,2024-01-16 00:00:00,0.0,0,0.0,0.0
0.0,2024-01-17 00:00:00,0.0,0,0.0,0.0
0.0,2024-01-18 00:00:00,0.0,0,0.0,0.0
0.0,2024-01-19 00:00:00,0.0,0,0.0,0.0
0.0,2024-01-20 00:00:00,0.0,0,0.0,0.0
0.0,2024-01-21 00:00:00,0.0,0,0.0,0.0
0.0,2024-01-22 00:00:00,0.0,0,0.0,0.0
0.0,2024-01-23 00:00:00,0.0,0,0.0,0.0
0.0,2024-01-24 00:00:00,0.0,0,0.0,0.0
0.0,2024-01-25 00:00:00,0.0,0,0.0,0.0
0.0,2024-01-26 00:00:00,0.0,0,0.0,0.0
0.0,2024-01-27 00:00:00,0.0,0,0.0,0.0
0.0,2024-01-28 00:00:00,0.0,0,0.0,0.0
0.0,2024-01-29 00:00:00,0.0,0,0.0,0.0
0.0,2024-01-30 00:00:00,0.0,0,0.0,0.0
0.0,2024-01-31 00:00:00,0.0,0,0.0,0.0
0.0,2024-02-01 00:00:00,0.0,0,0.0,0.0
0.0,2024-02-02 00:00:00,0.0,0,0.0,0.0
0.0,2024-02-03 00:00:00,0.0,0,0.0,0.0
0.0,2024-02-04 00:00:00,0.0,NaN,0.0,0.0
0.0,2024-02-05 00:00:00,0.0,NaN,0.0,0.0
0.00012603906,2024-02-06 00:00:00,10003.1,0.9999999874000001,10003.10012603906,10003.10012603906
0.00013695081699999998,2024-02-07 00:00:00,9996.41,0.9999999863000001,9996.410136950817,9996.410136950817
0.000164105944,2024-02-08 00:00:00,10006.460000000001,0.9999999836000003,10006.460164105943,10006.460164105943
1.5020396926119999,2024-02-09 00:00:00,104072.17599999998,0.999985567535222,104073.6780396926,104073.6780396926
11.452883694408,2024-02-10 00:00:00,104055.32799999998,0.9998899467861199,104066.78088369439,104066.78088369439
31.550627943474005,2024-02-11 00:00:00,103994.904,0.9996967057268623,104026.45462794346,104026.45462794346
58.886012782888,2024-02-12 00:00:00,184083.90399999998,0.9996802154850657,184142.79001278288,184142.79001278288
91.15808562760901,2024-02-13 00:00:00,184033.30399999997,0.9995049105121881,184124.46208562757,184124.46208562757
292.65634415342,2024-02-14 00:00:00,184175.72,0.9984135148259373,184468.37634415342,184468.37634415342
516.048988340016,2024-02-15 00:00:00,184214.544,0.9972064779309587,184730.59298834,184730.59298834
899.4674528243798,2024-02-16 00:00:00,184182.89599999995,0.9951401773997032,185082.36345282436,185082.36345282436
1074.988985876442,2024-02-17 00:00:00,184170.38399999996,0.9941969455509239,185245.37298587643,185245.37298587643
1263.8921790497461,2024-02-18 00:00:00,184116.104,0.9931821544659596,185379.99617904975,185379.99617904975
1443.118378816128,2024-02-19 00:00:00,184215.64799999996,0.9922270388467862,185658.7663788161,185658.7663788161
1668.326996869632,2024-02-20 00:00:00,200194.81156800786,0.9917353559013775,201863.1385648775,201863.1385648775
1915.84824385024,2024-02-21 00:00:00,250180.3545875474,0.992400328833467,252096.20283139762,252096.20283139762
2022.147632029953,2024-02-22 00:00:00,315441.15727500315,0.9936302949009426,317463.3049070331,317463.3049070331
2233.962837863328,2024-02-23 00:00:00,516106.4873987111,0.9956901630253944,518340.4502365744,518340.4502365744
2363.860489392864,2024-02-24 00:00:00,516263.1781925588,0.9954420801210048,518627.03868195164,518627.03868195164
2695.4926609698728,2024-02-25 00:00:00,515900.830731786,0.9948023297902779,518596.3233927559,518596.3233927559
2911.8581603544044,2024-02-26 00:00:00,524365.7964936488,0.9944775619929026,527277.6546540032,527277.6546540032
3209.4370537095124,2024-02-27 00:00:00,550765.8087611204,0.9942065334544167,553975.24581483,553975.24581483
3501.1227912543827,2024-02-28 00:00:00,672132.1605343589,0.9948180131475746,675633.2833256132,675633.2833256132
3926.24247020678,2024-02-29 00:00:00,732379.8052366446,0.9946676487549782,736306.0477068513,736306.0477068513
4274.391106821131,2024-03-01 00:00:00,723467.9494153213,0.9941265048509417,727742.3405221425,727742.3405221425
5849.968636268881,2024-03-02 00:00:00,767737.1811259891,0.9924378673584913,773587.1497622579,773587.1497622579
6602.7644024664105,2024-03-03 00:00:00,784385.6318204986,0.9916525142037542,790988.396222965,790988.396222965
8080.906374133528,2024-03-04 00:00:00,783605.7312050817,0.9897927968080363,791686.6375792152,791686.6375792152
9643.811738209508,2024-03-05 00:00:00,823177.2614455088,0.9884203077362788,832821.0731837183,832821.0731837183
12366.377490369343,2024-03-06 00:00:00,821131.2234448707,0.9851632716441013,833497.60093524,833497.60093524
13869.052502586977,2024-03-07 00:00:00,821789.7278595051,0.9834034502735944,835658.7803620921,835658.7803620921
15436.384532374192,2024-03-08 00:00:00,822075.1071076902,0.981568748982601,837511.4916400645,837511.4916400645
20001.501709843724,2024-03-09 00:00:00,822494.1553715485,0.9762592227725735,842495.6570813921,842495.6570813921
21454.017634253996,2024-03-10 00:00:00,837134.5462332101,0.9750124581934616,858588.5638674642,858588.5638674642
24346.97821996578,2024-03-11 00:00:00,952353.2372367159,0.975072209635398,976700.2154566817,976700.2154566817
29364.207812594574,2024-03-12 00:00:00,952047.8482305732,0.970079634102943,981412.0560431678,981412.0560431678
32349.555130743902,2024-03-13 00:00:00,952260.9545775389,0.9671448204017968,984610.5097082828,984610.5097082828
35627.36174234771,2024-03-14 00:00:00,951956.5169390166,0.9639247232448571,987583.8786813642,987583.8786813642
40217.64834539376,2024-03-15 00:00:00,986338.4592148863,0.9608227469992114,1026556.10756028,1026556.10756028
41733.48753907155,2024-03-16 00:00:00,998150.37834085,0.9598671650667858,1039883.8658799216,1039883.8658799216
45269.75123872337,2024-03-17 00:00:00,920382.908361151,0.9531200470596941,965652.6595998743,965652.6595998743
47466.39759340358,2024-03-18 00:00:00,1021741.4661329949,0.9556060152532232,1069207.8637263984,1069207.8637263984
50352.82029277236,2024-03-19 00:00:00,866364.8900898598,0.9450727091639198,916717.7103826322,916717.7103826322
52450.24967416932,2024-03-20 00:00:00,867473.0667941861,0.942984106680186,919923.3164683555,919923.3164683555
55602.96861498998,2024-03-21 00:00:00,866975.8547308536,0.9397309289916941,922578.8233458437,922578.8233458437
57471.92253624573,2024-03-22 00:00:00,882057.0354473935,0.9388290035683535,939528.9579836393,939528.9579836393
59891.412498328216,2024-03-23 00:00:00,897391.7651423276,0.9374360545581317,957283.1776406559,957283.1776406559
61271.66350772384,2024-03-24 00:00:00,917847.9038896919,0.937421673973293,979119.5673974156,979119.5673974156
63368.308966163866,2024-03-25 00:00:00,925465.0645306293,0.9359160899453912,988833.3734967932,988833.3734967932
65436.95334878538,2024-03-26 00:00:00,925275.4816399962,0.9339495992603278,990712.4349887816,990712.4349887816
66405.08432360024,2024-03-27 00:00:00,924866.7224318995,0.9330102158953268,991271.8067554997,991271.8067554997
69576.96753412408,2024-03-28 00:00:00,925403.1032932027,0.930071998852931,994980.0708273269,994980.0708273269
73089.801308278,2024-03-29 00:00:00,818809.7661698057,0.9180515340814156,891899.5674780837,891899.5674780837
75512.01139628854,2024-03-30 00:00:00,829337.0438559641,0.9165473943328178,904849.0552522526,904849.0552522526
78996.40795684796,2024-03-31 00:00:00,828352.6473975562,0.9129371353938396,907349.0553544043,907349.0553544043
81864.60281452141,2024-04-01 00:00:00,831398.9894425167,0.9103603784180191,913263.5922570381,913263.5922570381
85689.10251855898,2024-04-02 00:00:00,823742.5289224834,0.9057773013868232,909431.6314410423,909431.6314410423
89949.93212495626,2024-04-03 00:00:00,945933.8661853584,0.9131660015614895,1035883.7983103145,1035883.7983103145
93472.83393588259,2024-04-04 00:00:00,1035202.8764543415,0.9171836222969965,1128675.7103902241,1128675.7103902241
96645.08427522724,2024-04-05 00:00:00,1096697.8208678048,0.9190131488118719,1193342.9051430319,1193342.9051430319
100622.49065230164,2024-04-06 00:00:00,1075512.237609923,0.9144464590370743,1176134.7282622245,1176134.7282622245
106588.16740242095,2024-04-07 00:00:00,1076039.1727394606,0.909871720545854,1182627.3401418815,1182627.3401418815
112350.48438282694,2024-04-08 00:00:00,1075811.1926425993,0.9054417537989465,1188161.6770254262,1188161.6770254262
117272.23512852506,2024-04-09 00:00:00,1055941.3871364146,0.9000418739580215,1173213.6222649396,1173213.6222649396
121932.1615407817,2024-04-10 00:00:00,1051414.2117119746,0.8960816990444511,1173346.3732527564,1173346.3732527564
127366.67928040863,2024-04-11 00:00:00,3268750.7068741443,0.9624963849012808,3396117.386154553,3396117.386154553
132317.69211234554,2024-04-12 00:00:00,3319720.9889799412,0.961669695986582,3452038.6810922874,3452038.6810922874
137504.80328525716,2024-04-13 00:00:00,3310885.397859619,0.9601249292381108,3448390.2011448764,3448390.2011448764
143281.4944979957,2024-04-14 00:00:00,3180208.3351399032,0.9568882404211821,3323489.829637899,3323489.829637899
148443.21017110642,2024-04-15 00:00:00,3175469.822721039,0.9553408260979844,3323913.032892145,3323913.032892145
153464.15874830328,2024-04-16 00:00:00,3172767.5705739907,0.9538624572078233,3326231.729322294,3326231.729322294
157104.2885671631,2024-04-17 00:00:00,3172013.6295480765,0.9528090345757092,3329117.9181152396,3329117.9181152396
163225.80810190956,2024-04-18 00:00:00,3173860.4682796225,0.9510873275116822,3337086.276381532,3337086.276381532
167711.25090535905,2024-04-19 00:00:00,3176992.5758607867,0.9498576676466114,3344703.826766146,3344703.826766146
170234.6236072847,2024-04-20 00:00:00,3177478.134720237,0.9491489754657648,3347712.758327522,3347712.758327522
173614.79553875947,2024-04-21 00:00:00,3176846.7625321127,0.9481818273304639,3350461.5580708724,3350461.5580708724
177953.22182693778,2024-04-22 00:00:00,3175040.949760255,0.9469270709341254,3352994.1715871925,3352994.1715871925
181404.7008033429,2024-04-23 00:00:00,3175735.9813894937,0.9459645222002279,3357140.6821928364,3357140.6821928364
187017.48584602005,2024-04-24 00:00:00,3169802.4729057583,0.9442873052043096,3356819.958751778,3356819.958751778
190280.13031837624,2024-04-25 00:00:00,3170414.021567768,0.9433807059736203,3360694.1518861437,3360694.1518861437
194755.8631650181,2024-04-26 00:00:00,3164581.4833712014,0.9420255118570247,3359337.3465362196,3359337.3465362196
200959.66066958514,2024-04-27 00:00:00,3163604.0382198025,0.9402717027661208,3364563.698889388,3364563.698889388
205574.6315295566,2024-04-28 00:00:00,3171990.929210197,0.9391352653760089,3377565.560739754,3377565.560739754
208402.25128003382,2024-04-29 00:00:00,3169483.2013311554,0.9383039317929109,3377885.4526111893,3377885.4526111893
212642.6684176114,2024-04-30 00:00:00,3031217.0833283137,0.9344476380943529,3243859.7517459253,3243859.7517459253
214778.1459847029,2024-05-01 00:00:00,3046798.077283504,0.934148972373398,3261576.223268207,3261576.223268207
218821.5648675648,2024-05-02 00:00:00,3050254.9619372017,0.933063186782769,3269076.5268047666,3269076.5268047666
222004.92487693706,2024-05-03 00:00:00,3084287.6970590637,0.932853818381344,3306292.621936001,3306292.621936001
225945.6328182253,2024-05-04 00:00:00,3131443.155149612,0.9327019755269433,3357388.7879678374,3357388.7879678374
231096.41901923966,2024-05-05 00:00:00,3133202.628561815,0.9313091922712997,3364299.0475810543,3364299.0475810543
237097.75422681938,2024-05-06 00:00:00,3636102.792102091,0.9387850560819668,3873200.5463289106,3873200.5463289106
240503.11023611523,2024-05-07 00:00:00,3630311.560232389,0.9378675729243824,3870814.670468504,3870814.670468504
244362.42942978087,2024-05-08 00:00:00,3630033.592636544,0.9369288972944342,3874396.022066325,3874396.022066325
247225.27729102861,2024-05-09 00:00:00,3627757.793155062,0.9361996497025811,3874983.0704460903,3874983.0704460903
249685.75273571425,2024-05-10 00:00:00,3628174.904381696,0.9356125000836629,3877860.6571174106,3877860.6571174106
252887.05846947548,2024-05-11 00:00:00,3377499.269121194,0.9303415571649902,3630386.3275906695,3630386.3275906695
255295.09280974048,2024-05-12 00:00:00,3376011.2189835934,0.9296960732889366,3631306.3117933343,3631306.3117933343
257520.48802604276,2024-05-13 00:00:00,3374533.291636045,0.9290978317920168,3632053.7796620876,3632053.7796620876
262036.43072088482,2024-05-14 00:00:00,3375390.3545270893,0.9279610432892821,3637426.785247974,3637426.785247974
266216.13564150874,2024-05-15 00:00:00,3376385.7622155068,0.9269159400048282,3642601.897857015,3642601.897857015
269312.09515229746,2024-05-16 00:00:00,3376544.352592983,0.9261320079349671,3645856.4477452803,3645856.4477452803
272400.2813613879,2024-05-17 00:00:00,3376841.287767833,0.9253542753470312,3649241.569129221,3649241.569129221
275688.79365359416,2024-05-18 00:00:00,3355943.179029101,0.9240868029229453,3631631.972682695,3631631.972682695
279091.32558976416,2024-05-19 00:00:00,3380624.561613699,0.9237396196339631,3659715.887203463,3659715.887203463
283992.7504318442,2024-05-20 00:00:00,3676653.7544344235,0.9282963652315562,3960646.5048662676,3960646.5048662676
287513.0080416683,2024-05-21 00:00:00,3679036.2618049076,0.9275155838281598,3966549.2698465763,3966549.2698465763
291954.7832220772,2024-05-22 00:00:00,3817643.222469562,0.928957824386295,4109598.005691639,4109598.005691639
296592.12659651344,2024-05-23 00:00:00,3818782.1889162967,0.9279307047530243,4115374.31551281,4115374.31551281
299995.2835205092,2024-05-24 00:00:00,3914591.523104933,0.9288197640041703,4214586.806625442,4214586.806625442
303434.98537144804,2024-05-25 00:00:00,3912619.9234662396,0.9280286922413207,4216054.908837687,4216054.908837687
305498.3653181041,2024-05-26 00:00:00,3914411.575518861,0.927605477462509,4219909.940836965,4219909.940836965
310973.47160111857,2024-05-27 00:00:00,3912771.8527044007,0.9263749474165445,4223745.324305519,4223745.324305519
315465.5172076231,2024-05-28 00:00:00,4581608.203047142,0.9355808110662439,4897073.720254766,4897073.720254766
319471.4500449772,2024-05-29 00:00:00,4580980.564775089,0.9348077587375972,4900452.014820066,4900452.014820066
326976.4113575577,2024-05-30 00:00:00,4514853.508655244,0.9324684227328883,4841829.920012801,4841829.920012801
331115.205465334,2024-05-31 00:00:00,4512998.496249671,0.9316458642686057,4844113.701715005,4844113.701715005
337329.61451374966,2024-06-01 00:00:00,4516154.047797323,0.9304974245337988,4853483.662311073,4853483.662311073
340462.22204582155,2024-06-02 00:00:00,4875104.223791497,0.9347219088125023,5215566.445837319,5215566.445837319
346944.1400314109,2024-06-03 00:00:00,4869981.056520161,0.9334964319095962,5216925.1965515725,5216925.1965515725
354995.361546456,2024-06-04 00:00:00,4884288.015317397,0.9322435272132674,5239283.376863854,5239283.376863854
359641.4220884963,2024-06-05 00:00:00,4907356.050141025,0.9317179429106011,5266997.472229522,5266997.472229522
367975.8235168304,2024-06-06 00:00:00,4961046.7351037115,0.9309487209954532,5329022.558620542,5329022.558620542
374854.8647616066,2024-06-07 00:00:00,5104415.71886758,0.931586721436684,5479270.583629187,5479270.583629187
380444.9618688898,2024-06-08 00:00:00,5108701.813359881,0.9306914211903117,5489146.77522877,5489146.77522877
386157.47793883923,2024-06-09 00:00:00,5108221.960077919,0.9297177265794686,5494379.438016758,5494379.438016758
391696.709019436,2024-06-10 00:00:00,5142617.610781011,0.9292239857757917,5534314.319800448,5534314.319800448
396617.8765243699,2024-06-11 00:00:00,5177529.478570941,0.9288468977839591,5574147.355095311,5574147.355095311
402426.74572748266,2024-06-12 00:00:00,5249039.2021165,0.9287925027875277,5651465.947843983,5651465.947843983
409219.3958922031,2024-06-13 00:00:00,5411671.398911406,0.929698149249335,5820890.794803609,5820890.794803609
418733.0318632484,2024-06-14 00:00:00,5459987.487284215,0.928771400086226,5878720.519147463,5878720.519147463
426589.56448920356,2024-06-15 00:00:00,5319459.32356675,0.9257594961685871,5746048.888055953,5746048.888055953
432494.20351422555,2024-06-16 00:00:00,5348603.677245093,0.9251882233383981,5781097.880759318,5781097.880759318
437062.59749192296,2024-06-17 00:00:00,5317184.15128674,0.9240452110287607,5754246.748778664,5754246.748778664
444770.20796974696,2024-06-18 00:00:00,5461239.830791249,0.9246919316000597,5906010.038760996,5906010.038760996
450814.9842023938,2024-06-19 00:00:00,5388365.454703187,0.9227948187388282,5839180.438905581,5839180.438905581
458691.24828954734,2024-06-20 00:00:00,5395492.723692804,0.9216472781715083,5854183.9719823515,5854183.9719823515
467005.8384496813,2024-06-21 00:00:00,5394766.746932757,0.9203302701278009,5861772.585382438,5861772.585382438
474574.4644525116,2024-06-22 00:00:00,5336567.634205134,0.9183337016380763,5811142.098657645,5811142.098657645
480918.4298771081,2024-06-23 00:00:00,5340119.315131963,0.917382698593658,5821037.745009071,5821037.745009071
485821.01447710104,2024-06-24 00:00:00,5026619.588124955,0.9118682541000483,5512440.602602055,5512440.602602055
490736.6865273438,2024-06-25 00:00:00,4718112.635662086,0.9057878897673559,5208849.322189431,5208849.322189431
495146.7986879208,2024-06-26 00:00:00,4715481.376004199,0.9049736841533165,5210628.17469212,5210628.17469212
496926.0037596089,2024-06-27 00:00:00,4712670.926620505,0.9046133490939094,5209596.930380114,5209596.930380114
502979.17967854685,2024-06-28 00:00:00,4714594.858413369,0.903599033572605,5217574.038091917,5217574.038091917
508294.9664228127,2024-06-29 00:00:00,4713991.271968549,0.9026681144579726,5222286.238391362,5222286.238391362
512422.30203176755,2024-06-30 00:00:00,4709091.847623487,0.9018632742639222,5221514.149655255,5221514.149655255
516571.2884821152,2024-07-01 00:00:00,4679196.928158799,0.9005784579020192,5195768.216640915,5195768.216640915
520435.6933451398,2024-07-02 00:00:00,4677947.282664062,0.8998850804669498,5198382.976009202,5198382.976009202
525688.7463357945,2024-07-03 00:00:00,4679735.164982375,0.8990113475306424,5205423.91131817,5205423.91131817
530086.6149728246,2024-07-04 00:00:00,4851849.8814504,0.9015063415695977,5381936.496423224,5381936.496423224
535258.0065761865,2024-07-05 00:00:00,4662086.46863691,0.897013174876341,5197344.4752130965,5197344.4752130965
540692.2154982728,2024-07-06 00:00:00,4663115.744002707,0.8960968160804069,5203807.95950098,5203807.95950098
544567.8123079925,2024-07-07 00:00:00,4660433.1077552,0.895376039183989,5205000.920063193,5205000.920063193
547911.4198795209,2024-07-08 00:00:00,4659115.076404428,0.8947746049937437,5207026.496283949,5207026.496283949
558452.4347181261,2024-07-09 00:00:00,4662859.225261688,0.8930436505067224,5221311.659979815,5221311.659979815
565463.5833885787,2024-07-10 00:00:00,4670114.590338902,0.8919959621219836,5235578.173727481,5235578.173727481
570055.05624453,2024-07-11 00:00:00,4670590.640687245,0.8912242709751819,5240645.696931776,5240645.696931776
575373.4827803599,2024-07-12 00:00:00,6269749.316821863,0.9159440232666395,6845122.799602223,6845122.799602223
577792.2302655316,2024-07-13 00:00:00,6276383.569333714,0.9157021577562522,6854175.799599246,6854175.799599246
582532.1389355575,2024-07-14 00:00:00,6062564.396262471,0.9123365423135726,6645096.535198028,6645096.535198028
587506.2443175055,2024-07-15 00:00:00,6064436.723221337,0.9116790015812661,6651942.967538843,6651942.967538843
591623.7672815765,2024-07-16 00:00:00,6017376.055149871,0.9104821027118868,6608999.822431448,6608999.822431448
596311.0813108855,2024-07-17 00:00:00,6018350.294295471,0.909850097011773,6614661.375606356,6614661.375606356
598662.0450348746,2024-07-18 00:00:00,6016113.252591824,0.9094962386326764,6614775.297626698,6614775.297626698
601473.0117964323,2024-07-19 00:00:00,6465320.259838456,0.9148874194168577,7066793.271634889,7066793.271634889
607148.9852847451,2024-07-20 00:00:00,6464338.364787857,0.914141261204616,7071487.350072603,7071487.350072603
610673.6127578092,2024-07-21 00:00:00,6460585.200153666,0.9136400421884184,7071258.812911475,7071258.812911475
617347.9608907829,2024-07-22 00:00:00,4861104.964543781,0.8873134497469807,5478452.925434563,5478452.925434563
623416.8284563528,2024-07-23 00:00:00,4892496.728812111,0.8869784992125447,5515913.557268463,5515913.557268463
634083.2090699304,2024-07-24 00:00:00,4945047.863064371,0.8863473180909942,5579131.072134302,5579131.072134302
640092.6824336658,2024-07-25 00:00:00,5074176.581779407,0.8879834581050645,5714269.264213072,5714269.264213072
643503.8888604708,2024-07-26 00:00:00,5074582.358058977,0.8874616679300438,5718086.246919448,5718086.246919448
648866.8065141805,2024-07-27 00:00:00,4907751.8520442415,0.8832263204683334,5556618.658558423,5556618.658558423
652846.5543163983,2024-07-28 00:00:00,4915879.471466798,0.8827655461422022,5568726.025783197,5568726.025783197
657361.0291292279,2024-07-29 00:00:00,4919082.821396185,0.8821182375812336,5576443.850525412,5576443.850525412
660290.9844375327,2024-07-30 00:00:00,4927958.173566117,0.8818429590792591,5588249.15800365,5588249.15800365
663509.904008926,2024-07-31 00:00:00,4925669.838425681,0.8812867120784514,5589179.742434607,5589179.742434607
667015.641077963,2024-08-01 00:00:00,4902357.828283927,0.8802350668800838,5569373.46936189,5569373.46936189
670152.9140644115,2024-08-02 00:00:00,5138338.147804746,0.8846252999399885,5808491.0618691575,5808491.0618691575
675106.772054407,2024-08-03 00:00:00,5139346.050842348,0.8838916072384487,5814452.822896754,5814452.822896754
678277.3397205601,2024-08-04 00:00:00,5140809.802781813,0.8834392193980993,5819087.142502373,5819087.142502373
683659.6599712452,2024-08-05 00:00:00,4692019.290602969,0.8728235695886901,5375678.950574214,5375678.950574214
686123.0928783679,2024-08-06 00:00:00,4686679.775479268,0.8722969910325217,5372802.868357637,5372802.868357637
688516.0665508428,2024-08-07 00:00:00,4559337.840165724,0.8688004508529416,5247853.906716567,5247853.906716567
690650.7731534198,2024-08-08 00:00:00,4055537.859109924,0.8544830754389834,4746188.632263344,4746188.632263344
691255.6633854785,2024-08-09 00:00:00,4054568.6388687105,0.8543444469578987,4745824.302254189,4745824.302254189
695725.189265178,2024-08-10 00:00:00,4068177.2833425854,0.8539589772742897,4763902.4726077635,4763902.4726077635
697746.2299523763,2024-08-11 00:00:00,4069483.2178488215,0.8536369525334678,4767229.447801198,4767229.447801198
699869.5102321197,2024-08-12 00:00:00,4090109.104468817,0.8538888027424281,4789978.614700937,4789978.614700937
700027.242366226,2024-08-13 00:00:00,4088314.5927722743,0.8538059172740791,4788341.8351385,4788341.8351385
703422.3628955942,2024-08-14 00:00:00,4090656.859747489,0.85327268694826,4794079.222643083,4794079.222643083
706429.6005941805,2024-08-15 00:00:00,4038685.421344787,0.8511248731952726,4745115.0219389675,4745115.0219389675
708633.2855237873,2024-08-16 00:00:00,4038524.9731035735,0.8507247395352924,4747158.258627361,4747158.258627361
708895.5773954742,2024-08-17 00:00:00,4038678.291246997,0.850682559764325,4747573.868642472,4747573.868642472
713199.1495719058,2024-08-18 00:00:00,4041918.58349224,0.8500144077163936,4755117.733064146,4755117.733064146
714320.2081531786,2024-08-19 00:00:00,4035220.6329755858,0.8496022600821735,4749540.841128765,4749540.841128765
716649.4438383721,2024-08-20 00:00:00,4026539.826471734,0.848909794023143,4743189.270310106,4743189.270310106
717716.4276361201,2024-08-21 00:00:00,4025381.1667038524,0.848681918648989,4743097.594339972,4743097.594339972
719815.1482425331,2024-08-22 00:00:00,4024805.859944105,0.8482881673793284,4744621.008186638,4744621.008186638
721432.0597137989,2024-08-23 00:00:00,4083495.7583386577,0.8498557965838057,4804927.818052457,4804927.818052457
723416.5633503515,2024-08-24 00:00:00,4084667.665370385,0.8495416201261459,4808084.228720737,4808084.228720737
726006.523657748,2024-08-25 00:00:00,4087235.9505201164,0.8491647724890995,4813242.474177864,4813242.474177864
727638.8219766777,2024-08-26 00:00:00,4524308.393689104,0.861453515791964,5251947.215665782,5251947.215665782
730338.5947023904,2024-08-27 00:00:00,4584368.315770149,0.8625815859641723,5314706.910472539,5314706.910472539
731706.3674071995,2024-08-28 00:00:00,4583241.63714356,0.8623304749584194,5314948.00455076,5314948.00455076
733575.3480590075,2024-08-29 00:00:00,4613273.036233628,0.8628022911190034,5346848.384292635,5346848.384292635
736166.9829798419,2024-08-30 00:00:00,4709799.252138869,0.8648234397355211,5445966.23511871,5445966.23511871
737704.667575115,2024-08-31 00:00:00,4737491.2122037215,0.8652642419060058,5475195.879778836,5475195.879778836
738833.6084382945,2024-09-01 00:00:00,4741102.407916401,0.8651747746263334,5479936.016354695,5479936.016354695
741949.586395483,2024-09-02 00:00:00,4734717.83820873,0.864525352943245,5476667.424604214,5476667.424604214
744256.7045207339,2024-09-03 00:00:00,4735322.423756004,0.8641763013002071,5479579.128276738,5479579.128276738
746442.4467884519,2024-09-04 00:00:00,4733576.174202611,0.8637883375196529,5480018.620991062,5480018.620991062
750508.852571014,2024-09-05 00:00:00,4701209.025175453,0.8623353465089346,5451717.8777464675,5451717.8777464675
753497.2888030671,2024-09-06 00:00:00,4668272.674907725,0.8610237443037227,5421769.963710791,5421769.963710791
755204.3184814487,2024-09-07 00:00:00,4669075.244612896,0.8607733414738244,5424279.563094345,5424279.563094345
758309.3600393214,2024-09-08 00:00:00,4668795.979803884,0.8602736979376137,5427105.339843206,5427105.339843206
760422.2480089212,2024-09-09 00:00:00,4668510.67503659,0.8599315447827744,5428932.92304551,5428932.92304551
761025.2847335744,2024-09-10 00:00:00,4652903.351954435,0.8594319696834545,5413928.636688009,5413928.636688009
764739.0288910399,2024-09-11 00:00:00,4655743.79492056,0.8589168061687008,5420482.8238116,5420482.8238116
766520.6466407549,2024-09-12 00:00:00,4663137.0767169725,0.8588270779310312,5429657.723357728,5429657.723357728
770082.2165640504,2024-09-13 00:00:00,4663535.071094636,0.8582744834986576,5433617.287658686,5433617.287658686
773349.1826861318,2024-09-14 00:00:00,4800257.559493339,0.8612479820591493,5573606.742179471,5573606.742179471
777447.7290156772,2024-09-15 00:00:00,4872219.980054483,0.8623905388687662,5649667.70907016,5649667.70907016
777700.9089022434,2024-09-16 00:00:00,4870603.880136429,0.8623125100452297,5648304.789038673,5648304.789038673
777727.5068955476,2024-09-17 00:00:00,4869138.681114338,0.8622727224266596,5646866.188009886,5646866.188009886
783579.583390085,2024-09-18 00:00:00,4865306.337521768,0.861285996148494,5648885.920911853,5648885.920911853
789293.8474645221,2024-09-19 00:00:00,4868601.662666464,0.8604969204448512,5657895.510130987,5657895.510130987
792029.1235512581,2024-09-20 00:00:00,4869122.48960415,0.8600939918813095,5661151.613155409,5661151.613155409
795755.6454437078,2024-09-21 00:00:00,4851782.514514642,0.859096897992527,5647538.15995835,5647538.15995835
797664.1409950606,2024-09-22 00:00:00,4851578.77734041,0.8588015858893019,5649242.91833547,5649242.91833547
798435.0051507097,2024-09-23 00:00:00,4851792.216284842,0.8586897528436296,5650227.221435552,5650227.221435552
798219.7883820384,2024-09-24 00:00:00,4849939.178176349,0.858676111435932,5648158.9665583875,5648158.9665583875
808681.5900466302,2024-09-25 00:00:00,4849261.053927242,0.8570714408164006,5657942.643973872,5657942.643973872
814746.835163664,2024-09-26 00:00:00,4879099.066188358,0.8569074665385307,5693845.901352022,5693845.901352022
817042.9698455458,2024-09-27 00:00:00,4811206.64130047,0.8548317814072249,5628249.611146016,5628249.611146016
820249.1132582468,2024-09-28 00:00:00,5061404.09421667,0.8605410614458189,5881653.207474916,5881653.207474916
822297.5989563061,2024-09-29 00:00:00,5059971.94464611,0.8602074262559694,5882269.543602415,5882269.543602415
825184.2567021726,2024-09-30 00:00:00,5060503.100412862,0.859798149878853,5885687.357115035,5885687.357115035
829232.5549522361,2024-10-01 00:00:00,6061885.894388132,0.8796664777933672,6891118.449340369,6891118.449340369
831156.3478106282,2024-10-02 00:00:00,6064213.451073481,0.8794616718098084,6895369.79888411,6895369.79888411
834284.9244973058,2024-10-03 00:00:00,6054237.230062216,0.8788876763726322,6888522.154559521,6888522.154559521
838460.9897812136,2024-10-04 00:00:00,6623552.1501486795,0.8876360877342155,7462013.1399298925,7462013.1399298925
840509.655173475,2024-10-05 00:00:00,6524579.719972753,0.8858792320959734,7365089.375146228,7365089.375146228
841847.4153998598,2024-10-06 00:00:00,6518801.897413297,0.8856286477424754,7360649.312813156,7360649.312813156
844912.89858916,2024-10-07 00:00:00,7068437.831232965,0.8932294387755322,7913350.729822125,7913350.729822125
848044.1051368312,2024-10-08 00:00:00,7064976.473889429,0.8928292809720978,7913020.57902626,7913020.57902626
850322.732919855,2024-10-09 00:00:00,7054013.159331404,0.8924232542099534,7904335.892251258,7904335.892251258
852533.390820397,2024-10-10 00:00:00,7315563.225579951,0.8956264316084809,8168096.616400349,8168096.616400349
854943.7705550119,2024-10-11 00:00:00,7468481.3616718,0.8972846205770719,8323425.132226812,8323425.132226812
856719.0246248357,2024-10-12 00:00:00,7585783.845237358,0.8985230993899774,8442502.869862193,8442502.869862193
858787.3352040856,2024-10-13 00:00:00,7624074.94347517,0.8987620797095158,8482862.278679255,8482862.278679255
860887.8348594574,2024-10-14 00:00:00,7724519.067183877,0.8997266122989971,8585406.902043335,8585406.902043335
863104.690208495,2024-10-15 00:00:00,7755682.615314537,0.8998577572908191,8618787.305523032,8618787.305523032
865163.7242796727,2024-10-16 00:00:00,7807043.911460483,0.9002371990363637,8672207.635740155,8672207.635740155
868017.6154790877,2024-10-17 00:00:00,7803332.58770166,0.8998982171011051,8671350.203180747,8671350.203180747
870278.7349924945,2024-10-18 00:00:00,7965736.376610268,0.9015077810528286,8836015.111602763,8836015.111602763
872045.4755813954,2024-10-19 00:00:00,7900246.054148466,0.9005909148566281,8772291.529729862,8772291.529729862
873142.5314081695,2024-10-20 00:00:00,7914577.208612001,0.900640603337429,8787719.740020169,8787719.740020169
876107.8088744994,2024-10-21 00:00:00,7935212.776071917,0.9005702039293322,8811320.584946418,8811320.584946418
878381.6834423353,2024-10-22 00:00:00,8077733.984329836,0.9019238120602755,8956115.667772172,8956115.667772172
879256.8928421921,2024-10-23 00:00:00,7978926.712855416,0.900740723834551,8858183.605697608,8858183.605697608
882755.6596729745,2024-10-24 00:00:00,7365656.293866386,0.8929787134001973,8248411.953539359,8248411.953539359
885219.929122619,2024-10-25 00:00:00,6894741.5875419695,0.8862179552911043,7779961.516664588,7779961.516664588
889199.9773570064,2024-10-26 00:00:00,7582201.189044628,0.895035076265346,8471401.166401636,8471401.166401636
891359.5480810314,2024-10-27 00:00:00,7005861.62151949,0.8871299753497824,7897221.169600521,7897221.169600521
895312.8341000531,2024-10-28 00:00:00,7002805.145962277,0.8866422562488757,7898117.98006233,7898117.98006233
898363.0180686872,2024-10-29 00:00:00,6924800.485677054,0.8851662735108949,7823163.503745742,7823163.503745742
903895.2690710885,2024-10-30 00:00:00,6661106.452168556,0.8805161846119222,7565001.721239644,7565001.721239644
906273.3961022621,2024-10-31 00:00:00,6643381.021659233,0.8799582939889088,7549654.417761494,7549654.417761494
909546.3285042535,2024-11-01 00:00:00,6614558.202562026,0.8791156708750089,7524104.53106628,7524104.53106628
911570.0200113677,2024-11-02 00:00:00,6508468.871153359,0.8771475414910826,7420038.8911647275,7420038.8911647275
916088.3138984262,2024-11-03 00:00:00,6520756.743421136,0.8768176146151135,7436845.057319563,7436845.057319563
919434.6360230438,2024-11-04 00:00:00,6562290.007771671,0.8771092656042059,7481724.6437947145,7481724.6437947145
921862.8772844962,2024-11-05 00:00:00,6554563.093815901,0.8766973844390498,7476425.9711003965,7476425.9711003965
926767.8682366345,2024-11-06 00:00:00,6517410.203223956,0.8755043391842455,7444178.071460591,7444178.071460591
929151.2564872843,2024-11-07 00:00:00,6515952.982255377,0.8751996981248176,7445104.238742662,7445104.238742662
932346.7608745509,2024-11-08 00:00:00,5945612.525269059,0.864444274517172,6877959.28614361,6877959.28614361
933824.6664294774,2024-11-09 00:00:00,5778398.765664112,0.8608769991230445,6712223.43209359,6712223.43209359
935379.7037397298,2024-11-10 00:00:00,5751125.2735766005,0.8601093236432241,6686504.977316331,6686504.977316331
936996.8107858723,2024-11-11 00:00:00,5754516.406659299,0.8599723589661205,6691513.217445171,6691513.217445171
941883.9542699563,2024-11-12 00:00:00,5098919.141818288,0.8440796795909673,6040803.096088244,6040803.096088244
947133.4494509376,2024-11-13 00:00:00,5415235.399390209,0.851135092612015,6362368.848841147,6362368.848841147
949680.6496308439,2024-11-14 00:00:00,4391221.878585756,0.8221872343459607,5340902.5282165995,5340902.5282165995
952841.6477712615,2024-11-15 00:00:00,5040539.597581029,0.8410176812112253,5993381.245352291,5993381.245352291
955960.8488282692,2024-11-16 00:00:00,5042640.324085651,0.840636038090878,5998601.172913919,5998601.172913919
958258.4025678093,2024-11-17 00:00:00,4853374.3485705,0.8351137376359307,5811632.751138308,5811632.751138308
961319.7085122435,2024-11-18 00:00:00,4828697.092737172,0.8339694440429254,5790016.801249415,5790016.801249415
965048.2867350347,2024-11-19 00:00:00,4817035.310604567,0.8330967945224688,5782083.597339601,5782083.597339601
968598.2861546346,2024-11-20 00:00:00,4814680.218174664,0.8325174405089514,5783278.504329299,5783278.504329299
972379.8876187019,2024-11-21 00:00:00,5116501.5884079,0.8403023787788946,6088881.476026602,6088881.476026602
977793.5341557564,2024-11-22 00:00:00,4379327.753736895,0.8174778054091073,5357121.287892651,5357121.287892651
985052.2544901909,2024-11-23 00:00:00,4376583.5328953415,0.8162776634683485,5361635.787385533,5361635.787385533
990685.4597689053,2024-11-24 00:00:00,4246536.231646514,0.8108375932619417,5237221.691415419,5237221.691415419
994264.6550865036,2024-11-25 00:00:00,4241949.335233708,0.8101176428380267,5236213.990320212,5236213.990320212
996622.1522444442,2024-11-26 00:00:00,7967945.027704684,0.8888265175285239,8964567.179949129,8964567.179949129
999697.3150292992,2024-11-27 00:00:00,12533692.096210841,0.9261310463586452,13533389.41124014,13533389.41124014
1001272.8178908865,2024-11-28 00:00:00,11677079.091371527,0.9210250019042784,12678351.909262413,12678351.909262413
1003160.0573832688,2024-11-29 00:00:00,11327290.419811446,0.9186436814098055,12330450.477194717,12330450.477194717
1004658.618314515,2024-11-30 00:00:00,11546133.307976928,0.9199525715815627,12550791.926291443,12550791.926291443
1008971.1228036132,2024-12-01 00:00:00,11567921.94553502,0.9197758049367836,12576893.068338634,12576893.068338634
1012887.4791617185,2024-12-02 00:00:00,11590227.8047658,0.9196319754010794,12603115.283927519,12603115.283927519
1018340.3663681077,2024-12-03 00:00:00,11649777.528485406,0.9196139178037004,12668117.894853516,12668117.894853516
1026169.620935407,2024-12-04 00:00:00,11120195.54766706,0.9155163205871675,12146365.168602467,12146365.168602467
1035597.0971567641,2024-12-05 00:00:00,10234346.318557099,0.9081098228308037,11269943.415713863,11269943.415713863
1044612.4769827281,2024-12-06 00:00:00,11953151.408535093,0.9196313699661338,12997763.88551782,12997763.88551782
1047650.6651423684,2024-12-07 00:00:00,13152406.866672458,0.926222083058809,14200057.531814825,14200057.531814825
1051221.0628968515,2024-12-08 00:00:00,11510408.137023166,0.9163149105767631,12561629.199920017,12561629.199920017
1055382.8248058793,2024-12-09 00:00:00,11042079.970919399,0.912759985905573,12097462.795725279,12097462.795725279
1059769.1478532474,2024-12-10 00:00:00,11183124.331685575,0.9134380161336528,12242893.47953882,12242893.47953882
1062796.7726763003,2024-12-11 00:00:00,10957101.873415964,0.911580221766527,12019898.646092266,12019898.646092266
1067374.8371873647,2024-12-12 00:00:00,10899791.304662224,0.9108080539255892,11967166.141849587,11967166.141849587
1071704.3682216555,2024-12-13 00:00:00,11221576.050027655,0.912821937533393,12293280.418249309,12293280.418249309
1083364.589668028,2024-12-14 00:00:00,11744107.433806319,0.9155434065507635,12827472.023474349,12827472.023474349
1087470.6133533434,2024-12-15 00:00:00,13373541.75905455,0.9247998283005223,14461012.372407895,14461012.372407895
1093757.2379472672,2024-12-16 00:00:00,13232435.781169474,0.9236533225199627,14326193.019116743,14326193.019116743
1101334.767375973,2024-12-17 00:00:00,13003415.165865486,0.9219174552835996,14104749.933241459,14104749.933241459
1109749.441413382,2024-12-18 00:00:00,12837169.734127525,0.920430495979386,13946919.175540907,13946919.175540907
1116935.3906433985,2024-12-19 00:00:00,11603031.873769067,0.9121903879604842,12719967.264412466,12719967.264412466
1123859.1640442514,2024-12-20 00:00:00,11567037.914670954,0.9114436783252183,12690897.078715205,12690897.078715205
1129342.4464986676,2024-12-21 00:00:00,11651396.418409487,0.9116371550631174,12780738.864908155,12780738.864908155
1132924.2354799907,2024-12-22 00:00:00,11903247.25276576,0.9130937916472249,13036171.48824575,13036171.48824575
1138415.8274990404,2024-12-23 00:00:00,10980733.976355126,0.9060647119703893,12119149.803854167,12119149.803854167
1145057.709641283,2024-12-24 00:00:00,10964271.579302026,0.9054400386413801,12109329.28894331,12109329.28894331
1152525.5386178193,2024-12-25 00:00:00,11557861.334970748,0.9093241181342245,12710386.873588568,12710386.873588568
1158043.1026252,2024-12-26 00:00:00,11559237.965010883,0.9089394111472241,12717281.067636084,12717281.067636084
1163186.4402668762,2024-12-27 00:00:00,14820655.06921147,0.9272273539763822,15983841.509478346,15983841.509478346
1167851.8423561335,2024-12-28 00:00:00,13569155.647646405,0.9207538000405853,14737007.490002539,14737007.490002539
1172261.459633188,2024-12-29 00:00:00,13577430.582185406,0.920522987442072,14749692.041818593,14749692.041818593
1176871.0113372523,2024-12-30 00:00:00,11732255.358569333,0.9088341861707433,12909126.369906586,12909126.369906586
1180525.7464688981,2024-12-31 00:00:00,16720943.671930633,0.9340542544929007,17901469.41839953,17901469.41839953
1184919.5762190637,2025-01-01 00:00:00,16553454.37595069,0.9332002144382504,17738373.952169754,17738373.952169754
1190562.693174352,2025-01-02 00:00:00,16451760.30353508,0.9325166706563296,17642322.996709432,17642322.996709432
1195594.2301888142,2025-01-03 00:00:00,14372251.72213321,0.9232010495318085,15567845.952322023,15567845.952322023
1202168.3659891337,2025-01-04 00:00:00,11993407.357944865,0.9088961034258889,13195575.723933998,13195575.723933998
1210916.4260595012,2025-01-05 00:00:00,12991787.659391021,0.9147404312042251,14202704.085450524,14202704.085450524
1216453.2067414217,2025-01-06 00:00:00,17309600.849046122,0.934338245852122,18526054.05578754,18526054.05578754
1221132.492252449,2025-01-07 00:00:00,18772574.99054776,0.938924159348488,19993707.48280021,19993707.48280021
1225783.496510474,2025-01-08 00:00:00,37280766.85159007,0.9681668836748722,38506550.34810054,38506550.34810054
1231956.8016120621,2025-01-09 00:00:00,36541268.150940664,0.9673854482067779,37773224.95255273,37773224.95255273
1240326.0404525634,2025-01-10 00:00:00,38435741.060991324,0.9687386847773674,39676067.10144389,39676067.10144389
1249387.1394493605,2025-01-11 00:00:00,37000539.33742668,0.967336221150525,38249926.476876035,38249926.476876035
1255803.1443410153,2025-01-12 00:00:00,37459567.63625884,0.9675631895285813,38715370.780599855,38715370.780599855
1265819.406730269,2025-01-13 00:00:00,37119438.86355101,0.9670232932180036,38385258.27028128,38385258.27028128
1274577.904567194,2025-01-14 00:00:00,41213595.0631931,0.9700015836045872,42488172.96776029,42488172.96776029
1283042.021155369,2025-01-15 00:00:00,38249354.174752586,0.9675445420814592,39532396.19590795,39532396.19590795
1289854.6209920575,2025-01-16 00:00:00,41049704.12785783,0.9695354732286365,42339558.74884988,42339558.74884988
1301859.7357323957,2025-01-17 00:00:00,47007329.34569123,0.9730515092369247,48309189.081423625,48309189.081423625
1320479.8344619374,2025-01-18 00:00:00,46163507.158698246,0.9721910496974034,47483986.99316018,47483986.99316018
1333969.8958688613,2025-01-19 00:00:00,53903712.49655672,0.9758503644958902,55237682.39242559,55237682.39242559
1346386.378569671,2025-01-20 00:00:00,52964197.99866218,0.9752095030092494,54310584.37723185,54310584.37723185
1356623.8495573725,2025-01-21 00:00:00,57182720.51404784,0.9768254348540192,58539344.36360521,58539344.36360521
1376407.8159255842,2025-01-22 00:00:00,52602756.97640805,0.9745011279588922,53979164.79233363,53979164.79233363
1390377.159336221,2025-01-23 00:00:00,51891749.40918259,0.9739053741117436,53282126.56851882,53282126.56851882
1409584.8138311682,2025-01-24 00:00:00,51756552.609470494,0.9734871690488207,53166137.42330166,53166137.42330166
1426051.3473277225,2025-01-25 00:00:00,55506947.68222582,0.974952112630015,56932999.02955355,56932999.02955355
1439175.1420203212,2025-01-26 00:00:00,55360596.10529892,0.9746623074280736,56799771.247319244,56799771.247319244
1455077.6370932974,2025-01-27 00:00:00,54647873.03963378,0.9740641513584971,56102950.67672708,56102950.67672708
1470760.5218215522,2025-01-28 00:00:00,54489346.15511123,0.9737176962454254,55960106.676932774,55960106.676932774
1482788.5608438484,2025-01-29 00:00:00,60565683.49647901,0.9761027385255516,62048472.05732287,62048472.05732287
1495725.706512204,2025-01-30 00:00:00,62146336.96818238,0.9764978436642197,63642062.67469458,63642062.67469458
1510022.658841526,2025-01-31 00:00:00,55599173.05437196,0.9735590277540515,57109195.71321349,57109195.71321349
1528847.5859619644,2025-02-01 00:00:00,55323595.35546353,0.9731084979490306,56852442.941425495,56852442.941425495
1544653.9253611553,2025-02-02 00:00:00,54070548.01761282,0.9722260484292587,55615201.94297397,55615201.94297397
1574746.5003154792,2025-02-03 00:00:00,47756737.48371435,0.9680782661874661,49331483.98402983,49331483.98402983
1589075.941294145,2025-02-04 00:00:00,48290528.21351353,0.9681417692016511,49879604.15480768,49879604.15480768
1605448.9889515343,2025-02-05 00:00:00,45874100.57188892,0.966186516009502,47479549.560840465,47479549.560840465
1614795.7712354735,2025-02-06 00:00:00,48193207.07479032,0.9675795920541649,49808002.846025795,49808002.846025795
1622962.4385074722,2025-02-07 00:00:00,50306127.33083216,0.9687465648692015,51929089.76933963,51929089.76933963
1639875.832165921,2025-02-08 00:00:00,50020840.864887185,0.9682568121967332,51660716.697053105,51660716.697053105
1653143.406639991,2025-02-09 00:00:00,58627274.46668862,0.9725757805774695,60280417.87332861,60280417.87332861
1663268.954093009,2025-02-10 00:00:00,59067351.3128171,0.9726123502973794,60730620.266910106,60730620.266910106
1676703.169775588,2025-02-11 00:00:00,58679839.53864201,0.9722200262881898,60356542.7084176,60356542.7084176
1682951.4783546934,2025-02-12 00:00:00,60445544.55724857,0.9729117621422824,62128496.03560326,62128496.03560326
1695250.9704937108,2025-02-13 00:00:00,58708829.495944716,0.9719348269619695,60404080.46643843,60404080.46643843
1706294.8988094612,2025-02-14 00:00:00,57617274.62246464,0.9712374876869545,59323569.5212741,59323569.5212741
1717253.9952542114,2025-02-15 00:00:00,71597375.5793141,0.9765769259802699,73314629.5745683,73314629.5745683
1728572.1223589263,2025-02-16 00:00:00,54573028.74114238,0.9692979933812236,56301600.8635013,56301600.8635013
1734375.825930571,2025-02-17 00:00:00,54419052.792366505,0.969113625497029,56153428.61829708,56153428.61829708
1741482.4181605955,2025-02-18 00:00:00,58054918.34625179,0.9708764675482436,59796400.76441239,59796400.76441239
1758013.8855048046,2025-02-19 00:00:00,56762544.79296527,0.9699590378970258,58520558.678470075,58520558.678470075
1766947.5573692056,2025-02-20 00:00:00,55279520.41707452,0.9690261707672984,57046467.97444372,57046467.97444372
1778271.486613712,2025-02-21 00:00:00,54287903.365011886,0.9682826322409231,56066174.85162561,56066174.85162561
1786995.1096076327,2025-02-22 00:00:00,54499530.18246065,0.9682518133721172,56286525.29206828,56286525.29206828
1795672.9123737307,2025-02-23 00:00:00,57428196.48602001,0.969679912329024,59223869.39839375,59223869.39839375
1806239.2948336,2025-02-24 00:00:00,55729144.73193494,0.9686064614778057,57535384.02676854,57535384.02676854
1813557.2150751909,2025-02-25 00:00:00,50215198.13830378,0.9651431751008165,52028755.35337897,52028755.35337897
1821007.0935589306,2025-02-26 00:00:00,50287066.21386942,0.9650532637655721,52108073.30742836,52108073.30742836
1829287.6053404317,2025-02-27 00:00:00,55930556.58951334,0.9683294227877537,57759844.19485377,57759844.19485377
1841311.1616613928,2025-02-28 00:00:00,44511658.186132796,0.9602763061877282,46352969.34779419,46352969.34779419
1850892.4596307974,2025-03-01 00:00:00,46504604.554910436,0.9617232254054962,48355497.01454123,48355497.01454123
1858408.6312055257,2025-03-02 00:00:00,46561096.862905495,0.961618595393719,48419505.494111024,48419505.494111024
1866825.3537312655,2025-03-03 00:00:00,50770276.37871152,0.9645340398257405,52637101.73244279,52637101.73244279
1875505.262034756,2025-03-04 00:00:00,54671905.47184961,0.9668330479204256,56547410.733884364,56547410.733884364
1882104.2787980163,2025-03-05 00:00:00,54620763.48206602,0.9666901105486608,56502867.760864034,56502867.760864034
1889868.255916733,2025-03-06 00:00:00,53074160.567080975,0.9656162712889419,54964028.822997704,54964028.822997704
1895784.6742018627,2025-03-07 00:00:00,51714463.69906174,0.9646376442615526,53610248.3732636,53610248.3732636
1905339.484026917,2025-03-08 00:00:00,51954344.73462384,0.9646240130875642,53859684.21865076,53859684.21865076
1911529.38947912,2025-03-09 00:00:00,51675168.706872,0.9643282856121848,53586698.096351124,53586698.096351124
1917959.0025805817,2025-03-10 00:00:00,51819868.01947828,0.9643089587192784,53737827.02205886,53737827.02205886
1924780.3063762933,2025-03-11 00:00:00,54631263.55782742,0.9659668503158059,56556043.864203714,56556043.864203714
1930303.1642621562,2025-03-12 00:00:00,54426592.832550645,0.9657485897667017,56356895.996812806,56356895.996812806
1935513.8498575822,2025-03-13 00:00:00,52300356.06017175,0.9643130302313143,54235869.91002934,54235869.91002934
1942232.832488029,2025-03-14 00:00:00,51952549.82929271,0.9639625073789312,53894782.66178074,53894782.66178074
1946103.8333026587,2025-03-15 00:00:00,47148503.63752825,0.9603601304998941,49094607.47083091,49094607.47083091
1956591.2121806012,2025-03-16 00:00:00,40380837.85076744,0.9537857811519093,42337429.06294804,42337429.06294804
1968830.2170620337,2025-03-17 00:00:00,40671840.38291225,0.9538274096218547,42640670.59997428,42640670.59997428
1977678.9311148624,2025-03-18 00:00:00,40982996.720785715,0.9539653671385551,42960675.651900575,42960675.651900575
1985806.7363132194,2025-03-19 00:00:00,41744047.22280698,0.9545892209434405,43729853.95912021,43729853.95912021
1993299.1449235359,2025-03-20 00:00:00,39790756.419026084,0.9522952207960562,41784055.56394962,41784055.56394962
2000837.3563564678,2025-03-21 00:00:00,46295017.11365339,0.9585712401548062,48295854.47000986,48295854.47000986
2009976.1119608087,2025-03-22 00:00:00,46398416.20412144,0.958478767507157,48408392.31608225,48408392.31608225
2013185.1200932176,2025-03-23 00:00:00,46336513.342195645,0.9583619922332415,48349698.462288864,48349698.462288864
2018467.3702546987,2025-03-24 00:00:00,51294676.43851014,0.9621394045435592,53313143.80876484,53313143.80876484
2025821.5704771988,2025-03-25 00:00:00,51374563.71384685,0.9620635401843836,53400385.28432404,53400385.28432404
2028945.0611948678,2025-03-26 00:00:00,51162273.1370986,0.9618556383944603,53191218.19829348,53191218.19829348
2038064.0120021945,2025-03-27 00:00:00,54414300.95427151,0.9638976327525021,56452364.96627371,56452364.96627371
2043177.2834194677,2025-03-28 00:00:00,53259976.89734493,0.9630549592751777,55303154.1807644,55303154.1807644
2049626.0153519341,2025-03-29 00:00:00,53123489.32500405,0.9628510008414778,55173115.340355985,55173115.340355985
2055737.918294312,2025-03-30 00:00:00,51518841.06245358,0.96162848206361,53574578.98074789,53574578.98074789
2059927.511226388,2025-03-31 00:00:00,51297407.16658085,0.9613937329578951,53357334.67780724,53357334.67780724
2065799.4788218022,2025-04-01 00:00:00,42132679.20833939,0.9532608465227136,44198478.68716119,44198478.68716119
2069782.3973931866,2025-04-02 00:00:00,43419381.3650024,0.9544994406095412,45489163.76239558,45489163.76239558
2076819.9351669669,2025-04-03 00:00:00,42150884.93668429,0.9530425568954007,44227704.87185126,44227704.87185126
2081168.7078429556,2025-04-04 00:00:00,42046928.42542009,0.9528380138042661,44128097.133263044,44128097.133263044
2086589.072946773,2025-04-05 00:00:00,42128733.76206418,0.9528084623348142,44215322.83501095,44215322.83501095
2091774.3766862913,2025-04-06 00:00:00,41541111.702853926,0.9520596833115026,43632886.079540215,43632886.079540215
2096973.5937837576,2025-04-07 00:00:00,42559363.879962906,0.9530419709180906,44656337.47374666,44656337.47374666
2100806.681391079,2025-04-08 00:00:00,40819700.89476061,0.9510535452623964,42920507.576151684,42920507.576151684
2106250.743249419,2025-04-09 00:00:00,41092987.3683581,0.9512433358706973,43199238.111607514,43199238.111607514
2110099.70149569,2025-04-10 00:00:00,39346948.60757362,0.9491015451518754,41457048.309069306,41457048.309069306
2114688.890953536,2025-04-11 00:00:00,37733401.52388517,0.9469312363794963,39848090.4148387,39848090.4148387
2119625.7183742984,2025-04-12 00:00:00,37441933.20456908,0.9464220881057082,39561558.922943376,39561558.922943376
2121408.2535044085,2025-04-13 00:00:00,37432352.993897,0.9463664595577801,39553761.24740141,39553761.24740141
2129555.6013099197,2025-04-14 00:00:00,37199008.96087408,0.9458521910215464,39328564.562184,39328564.562184
2135187.5463303966,2025-04-15 00:00:00,37442364.462923035,0.9460505403206552,39577552.00925343,39577552.00925343
2139717.011389104,2025-04-16 00:00:00,37373252.46725787,0.9458477295019444,39512969.47864698,39512969.47864698
2144692.35679956,2025-04-17 00:00:00,42019718.12731738,0.9514384470823886,44164410.484116934,44164410.484116934
2149164.614242025,2025-04-18 00:00:00,42024722.08444668,0.9513476224335536,44173886.69868871,44173886.69868871
2153962.121928229,2025-04-19 00:00:00,42028116.56326869,0.951248058352449,44182078.68519692,44182078.68519692
2154831.828543737,2025-04-20 00:00:00,42013668.037088,0.9512133797819915,44168499.86563173,44168499.86563173
2162558.2540801,2025-04-21 00:00:00,37784028.84549628,0.9458637543004761,39946587.099576384,39946587.099576384
2167304.955532362,2025-04-22 00:00:00,41911746.1611912,0.9508314062888235,44079051.11672357,44079051.11672357
2171224.310490009,2025-04-23 00:00:00,41674786.88701826,0.9504806879533572,43846011.19750827,43846011.19750827
2176075.1223437116,2025-04-24 00:00:00,42376574.61497304,0.9511572233038015,44552649.73731675,44552649.73731675
2181364.250401962,2025-04-25 00:00:00,42665713.90505625,0.951359947177819,44847078.15545822,44847078.15545822
2185357.199666767,2025-04-26 00:00:00,42650496.15421641,0.9512587129229358,44835853.353883184,44835853.353883184
2189769.809808898,2025-04-27 00:00:00,42643868.353573844,0.9511578827970878,44833638.16338274,44833638.16338274
2195222.3060205868,2025-04-28 00:00:00,42532600.73165146,0.9509204303511114,44727823.03767205,44727823.03767205
2201059.733014685,2025-04-29 00:00:00,40098728.675144054,0.9479652306584554,42299788.40815874,42299788.40815874
2206190.1605040664,2025-04-30 00:00:00,42713516.67474863,0.9508859180983643,44919706.835252695,44919706.835252695
2209683.107210332,2025-05-01 00:00:00,43369712.550079554,0.9515201315123861,45579395.65728989,45579395.65728989
2215191.2552591967,2025-05-02 00:00:00,44295839.643845424,0.9523727766846415,46511030.89910462,46511030.89910462
2218850.2499000696,2025-05-03 00:00:00,44107529.73298737,0.9521039578158342,46326379.98288744,46326379.98288744
2226222.319934891,2025-05-04 00:00:00,44380847.18235736,0.9522342351984734,46607069.50229226,46607069.50229226
2229170.590024223,2025-05-05 00:00:00,49251206.67033635,0.956698635312048,51480377.260360576,51480377.260360576
2233556.504725301,2025-05-06 00:00:00,48397312.665429376,0.9558854797214915,50630869.170154676,50630869.170154676
2237530.79437607,2025-05-07 00:00:00,45016625.58241339,0.9526490161725728,47254156.376789466,47254156.376789466
2241570.3181682336,2025-05-08 00:00:00,48924826.74243741,0.9561905772745121,51166397.06060564,51166397.06060564
2246352.575114723,2025-05-09 00:00:00,47803625.45546283,0.9551178109660241,50049978.03057755,50049978.03057755
2248633.0264854804,2025-05-10 00:00:00,48142883.77704158,0.955376754479276,50391516.80352705,50391516.80352705
2256344.0095999255,2025-05-11 00:00:00,48763180.02792424,0.9557748910409196,51019524.03752417,51019524.03752417
2260746.3102781745,2025-05-12 00:00:00,49660444.61145973,0.9564581191196895,51921190.9217379,51921190.9217379
2267269.474784991,2025-05-13 00:00:00,50593653.47954042,0.9571087800199019,52860922.95432541,52860922.95432541
2276063.147984032,2025-05-14 00:00:00,50590232.92990899,0.9569468013300858,52866296.077893026,52866296.077893026
2285808.7305965256,2025-05-15 00:00:00,50962533.99048991,0.9570726784386597,53248342.721086435,53248342.721086435
2292134.976005883,2025-05-16 00:00:00,50871202.7240534,0.9568850438071098,53163337.70005928,53163337.70005928
2297516.7046963843,2025-05-17 00:00:00,50988622.656981684,0.9568834084769764,53286139.36167807,53286139.36167807
2303470.976482891,2025-05-18 00:00:00,51102617.58704274,0.9568687571316339,53406088.56352563,53406088.56352563
2310842.375254713,2025-05-19 00:00:00,52459627.233092666,0.9578086075986004,54770469.60834738,54770469.60834738
2316198.8469846123,2025-05-20 00:00:00,52433376.21241742,0.9576946698769518,54749575.059402026,54749575.059402026
2321883.433205063,2025-05-21 00:00:00,53216144.56020838,0.9581929082271263,55538027.99341345,55538027.99341345
2327758.5235649324,2025-05-22 00:00:00,53355642.689753294,0.9581965455980771,55683401.21331822,55683401.21331822
2335717.8095616107,2025-05-23 00:00:00,53828381.83443424,0.958412619015227,56164099.64399585,56164099.64399585
2342311.9415879464,2025-05-24 00:00:00,53284314.325006716,0.9578922523476033,55626626.26659466,55626626.26659466
2348981.2152506793,2025-05-25 00:00:00,53942199.958994046,0.9582708842442016,56291181.174244724,56291181.174244724
2355345.223092155,2025-05-26 00:00:00,54162570.53029832,0.9583256885591919,56517915.753390476,56517915.753390476
2362620.163068206,2025-05-27 00:00:00,54178367.712463714,0.958214027525143,56540987.87553191,56540987.87553191
2371488.03568098,2025-05-28 00:00:00,54474604.43240305,0.9582823034492223,56846092.46808403,56846092.46808403
2378883.671920604,2025-05-29 00:00:00,55863037.22863184,0.959155130271501,58241920.900552444,58241920.900552444
2387461.3944431525,2025-05-30 00:00:00,56406973.9276958,0.9593930721272842,58794435.32213895,58794435.32213895
2398481.6355971964,2025-05-31 00:00:00,57138793.71531957,0.9597146221176501,59537275.35091676,59537275.35091676
2406368.726789934,2025-06-01 00:00:00,57143281.47723166,0.9595905480797027,59549650.20402159,59549650.20402159
2415732.0856907624,2025-06-02 00:00:00,57140463.49075597,0.9594377702889044,59556195.576446734,59556195.576446734
2423919.547884835,2025-06-03 00:00:00,56722688.138640545,0.9590184518995323,59146607.686525375,59146607.686525375
2431218.6463968684,2025-06-04 00:00:00,56957805.233294256,0.9590628286580031,59389023.87969112,59389023.87969112
2444585.6981244422,2025-06-05 00:00:00,55397563.14926349,0.9577369488022602,57842148.84738793,57842148.84738793
2454215.706147526,2025-06-06 00:00:00,56585449.717938304,0.9584310702217105,59039665.42408583,59039665.42408583
2461266.9607522255,2025-06-07 00:00:00,56880618.27525835,0.9585239506469428,59341885.23601058,59341885.23601058
2471589.68328366,2025-06-08 00:00:00,52703668.205480516,0.9552047461514998,55175257.88876417,55175257.88876417
2487407.2929049167,2025-06-09 00:00:00,53673333.42644214,0.9557091437711751,56160740.71934705,56160740.71934705
2498023.044610297,2025-06-10 00:00:00,56262374.0864354,0.9574879822707923,58760397.1310457,58760397.1310457
2506664.4415730406,2025-06-11 00:00:00,56946927.710064255,0.9578383012555447,59453592.1516373,59453592.1516373
2516070.0672016474,2025-06-12 00:00:00,58355715.91279954,0.9586660712069747,60871785.98000119,60871785.98000119
2524941.177615519,2025-06-13 00:00:00,56544528.1727008,0.9572547171087462,59069469.35031632,59069469.35031632
2532704.758022043,2025-06-14 00:00:00,56878581.564135596,0.9573699726969644,59411286.32215764,59411286.32215764
2541763.042298021,2025-06-15 00:00:00,57242025.29294565,0.9574840753141165,59783788.33524367,59783788.33524367
2551931.0340878787,2025-06-16 00:00:00,58224383.05428019,0.9580110924401009,60776314.08836807,60776314.08836807
2558665.3016310344,2025-06-17 00:00:00,55670322.98538523,0.9560585650394762,58228988.287016265,58228988.287016265
2567506.493857541,2025-06-18 00:00:00,55156667.012798205,0.955521121604946,57724173.506655745,57724173.506655745
2575767.75383383,2025-06-19 00:00:00,56144314.09187991,0.956134806477252,58720081.84571374,58720081.84571374
2584899.0897397203,2025-06-20 00:00:00,57888911.73320988,0.9572558921859979,60473810.8229496,60473810.8229496
2594967.373787559,2025-06-21 00:00:00,59606254.112375624,0.9582810865801917,62201221.486163184,62201221.486163184
2603031.2803667015,2025-06-22 00:00:00,57790135.83685987,0.9568985796801471,60393167.11722657,60393167.11722657
2611557.441922416,2025-06-23 00:00:00,58165259.98923786,0.9570303686124988,60776817.43116027,60776817.43116027
2619608.4777977113,2025-06-24 00:00:00,59510399.49393736,0.9578366627767141,62130007.97173507,62130007.97173507
2630369.542445397,2025-06-25 00:00:00,60719293.43940102,0.9584785550761469,63349662.981846415,63349662.981846415
2642119.740282716,2025-06-26 00:00:00,63368022.11625348,0.9599740332928689,66010141.8565362,66010141.8565362
2651734.542595346,2025-06-27 00:00:00,60657546.6001527,0.958114600344043,63309281.14274804,63309281.14274804
2660146.9158149227,2025-06-28 00:00:00,60948383.99980952,0.9581794001917201,63608530.91562445,63608530.91562445
2666999.411394148,2025-06-29 00:00:00,62947866.057928376,0.9593537319276975,65614865.46932252,65614865.46932252
2680085.40475411,2025-06-30 00:00:00,62805794.10578644,0.9590738427156236,65485879.51054055,65485879.51054055
2689407.0536959725,2025-07-01 00:00:00,62681133.27551248,0.9588590358875417,65370540.329208456,65370540.329208456
2699289.091204611,2025-07-02 00:00:00,61389768.178608276,0.9578822156824575,64089057.26981289,64089057.26981289
2708774.424743684,2025-07-03 00:00:00,61282590.169892915,0.9576696880602118,63991364.5946366,63991364.5946366
2721237.5026596673,2025-07-04 00:00:00,63077698.39373272,0.9586431381360855,65798935.89639238,65798935.89639238
2729569.59473447,2025-07-05 00:00:00,63510963.10099456,0.9587930609303439,66240532.695729025,66240532.695729025
2737491.2133479407,2025-07-06 00:00:00,64003832.940950304,0.9589835645601041,66741324.15429824,66741324.15429824
2750983.1563510704,2025-07-07 00:00:00,64313506.85394769,0.9589800331601923,67064490.01029876,67064490.01029876
2762302.5721345143,2025-07-08 00:00:00,62427897.77504608,0.957627027414804,65190200.3471806,65190200.3471806
2772601.863466522,2025-07-09 00:00:00,64796955.06346619,0.958966700544378,67569556.9269327,67569556.9269327
2783706.462801796,2025-07-10 00:00:00,66120403.515073024,0.9596002841674371,68904109.97787483,68904109.97787483
2792070.783059722,2025-07-11 00:00:00,62651953.786160104,0.9573365054878835,65444024.56921983,65444024.56921983
2803640.918492415,2025-07-12 00:00:00,65542445.99436636,0.9589787646209057,68346086.91285878,68346086.91285878
2818272.5620131628,2025-07-13 00:00:00,63414808.80079732,0.9574491703537803,66233081.362810485,66233081.362810485
2823056.5492106196,2025-07-14 00:00:00,65053870.45867611,0.9584091874270825,67876927.00788672,67876927.00788672
