borrow_amount,borrow_amount_usd,collat_amount,day,pure_tvl_amount,pure_tvl_amount_usd,ratio,supply_amount,supply_amount_usd,tvl_amount,tvl_amount_usd
0.0009299999999999999,0.00093113925,0,2024-01-05 00:00:00,0.0,0.0,0.0,0.0009299999999999999,0.00093113925,0.0009299999999999999,0.00093113925
0.002079,0.0020837629890000002,0,2024-01-06 00:00:00,0.0,0.0,0.0,0.002079,0.0020837629890000002,0.002079,0.0020837629890000002
0.002079,0.00208413513,0,2024-01-07 00:00:00,0.0,0.0,0.0,0.002079,0.00208413513,0.002079,0.00208413513
0.32781,0.3281869815,0,2024-01-08 00:00:00,0.0,0.0,0.0,0.32781,0.3281869815,0.32781,0.3281869815
1.139072,1.139586860544,0,2024-01-09 00:00:00,-2.220446049250313e-16,-2.221449690864574e-16,-1.949346528797401e-16,1.1390719999999999,1.1395868605439998,1.1390719999999999,1.1395868605439998
15.406912,15.434290082623999,0,2024-01-10 00:00:00,0.0,0.0,0.0,15.406912,15.434290082623999,15.406912,15.434290082623999
120.83848400000001,120.89866156503201,0,2024-01-11 00:00:00,0.0,0.0,0.0,120.83848400000001,120.89866156503201,120.83848400000001,120.89866156503201
265.906879,266.066954941158,0,2024-01-12 00:00:00,0.0,0.0,0.0,265.906879,266.066954941158,265.906879,266.066954941158
623.376039,624.5529729616319,0,2024-01-13 00:00:00,0.0,0.0,0.0,623.376039,624.5529729616319,623.376039,624.5529729616319
1184.216022,1190.34433991385,0,2024-01-14 00:00:00,0.0,0.0,0.0,1184.216022,1190.34433991385,1184.216022,1190.34433991385
1773.611632,1776.332352243488,0,2024-01-15 00:00:00,0.0,0.0,0.0,1773.611632,1776.332352243488,1773.611632,1776.332352243488
2600.244229,2603.2215086422048,0,2024-01-16 00:00:00,0.0,0.0,0.0,2600.244229,2603.2215086422048,2600.244229,2603.2215086422048
3357.402593,3361.179670917125,0,2024-01-17 00:00:00,0.0,0.0,0.0,3357.402593,3361.179670917125,3357.402593,3361.179670917125
4226.234621,4230.541154078799,0,2024-01-18 00:00:00,0.0,0.0,0.0,4226.234621,4230.541154078799,4226.234621,4230.541154078799
5057.833710999999,5063.80701261269,0,2024-01-19 00:00:00,0.0,0.0,0.0,5057.833710999999,5063.80701261269,5057.833710999999,5063.80701261269
5854.95688,5865.16206984184,0,2024-01-20 00:00:00,-9.094947017729282e-13,-9.110799510381185e-13,-1.5533755763081357e-16,5854.956879999999,5865.162069841839,5854.956879999999,5865.162069841839
6291.786497,6303.759766703791,0,2024-01-21 00:00:00,-9.094947017729282e-13,-9.112254701904021e-13,-1.4455269615499293e-16,6291.786496999999,6303.75976670379,6291.786496999999,6303.75976670379
6732.710087,6742.135881121801,0,2024-01-22 00:00:00,-9.094947017729282e-13,-9.107679943554104e-13,-1.3508597429867744e-16,6732.7100869999995,6742.1358811218,6732.7100869999995,6742.1358811218
7229.586754,7236.556075630856,0,2024-01-23 00:00:00,0.0,0.0,0.0,7229.586754,7236.556075630856,7229.586754,7236.556075630856
7419.176663,7426.135850709895,0,2024-01-24 00:00:00,0.0,0.0,0.0,7419.176663,7426.135850709895,7419.176663,7426.135850709895
7616.867073,7624.605809946168,0,2024-01-25 00:00:00,0.0,0.0,0.0,7616.867073,7624.605809946168,7616.867073,7624.605809946168
7830.401900000001,7836.501783080102,0,2024-01-26 00:00:00,0.0,0.0,0.0,7830.401900000001,7836.501783080102,7830.401900000001,7836.501783080102
8231.390558000001,8237.588795090174,0,2024-01-27 00:00:00,0.0,0.0,0.0,8231.390558000001,8237.588795090174,8231.390558000001,8237.588795090174
8917.25091,8920.88914837128,0,2024-01-28 00:00:00,0.0,0.0,0.0,8917.25091,8920.88914837128,8917.25091,8920.88914837128
9392.015547,9398.768406178293,0,2024-01-29 00:00:00,0.0,0.0,0.0,9392.015547,9398.768406178293,9392.015547,9398.768406178293
9724.718103000001,9734.326124485766,0,2024-01-30 00:00:00,0.0,0.0,0.0,9724.718103000001,9734.326124485766,9724.718103000001,9734.326124485766
10855.450763,10860.726512070818,0,2024-01-31 00:00:00,0.0,0.0,0.0,10855.450763,10860.726512070818,10855.450763,10860.726512070818
12128.853809,12132.86845961078,0,2024-02-01 00:00:00,0.0,0.0,0.0,12128.853809,12132.86845961078,12128.853809,12132.86845961078
13738.338173,13745.11117371929,0,2024-02-02 00:00:00,0.0,0.0,0.0,13738.338173,13745.11117371929,13738.338173,13745.11117371929
14347.427922,14364.974826348607,0,2024-02-03 00:00:00,0.0,0.0,0.0,14347.427922,14364.974826348607,14347.427922,14364.974826348607
15196.575089,15223.412240607173,0,2024-02-04 00:00:00,0.0,0.0,0.0,15196.575089,15223.412240607173,15196.575089,15223.412240607173
16759.879318,16775.231367455286,0,2024-02-05 00:00:00,0.0,0.0,0.0,16759.879318,16775.231367455286,16759.879318,16775.231367455286
18990.426298,18998.9340089815,0,2024-02-06 00:00:00,0.0,0.0,0.0,18990.426298,18998.9340089815,18990.426298,18998.9340089815
19859.836316999998,19858.227670258322,0,2024-02-07 00:00:00,0.0,0.0,0.0,19859.836316999998,19858.227670258322,19859.836316999998,19858.227670258322
21342.501369999998,21353.3860456987,0,2024-02-08 00:00:00,0.0,0.0,0.0,21342.501369999998,21353.3860456987,21342.501369999998,21353.3860456987
22733.286985,22734.33271620131,0,2024-02-09 00:00:00,0.0,0.0,0.0,22733.286985,22734.33271620131,22733.286985,22734.33271620131
24532.775797,24537.24076219505,0,2024-02-10 00:00:00,0.0,0.0,0.0,24532.775797,24537.24076219505,24532.775797,24537.24076219505
25668.333043,25659.554473099295,0,2024-02-11 00:00:00,0.0,0.0,0.0,25668.333043,25659.554473099295,25668.333043,25659.554473099295
26761.142104,26762.42663882099,0,2024-02-12 00:00:00,0.0,0.0,0.0,26761.142104,26762.42663882099,26761.142104,26762.42663882099
28017.429161,28011.79765773864,0,2024-02-13 00:00:00,0.0,0.0,0.0,28017.429161,28011.79765773864,28017.429161,28011.79765773864
29893.641687,29890.95125924817,0,2024-02-14 00:00:00,0.0,0.0,0.0,29893.641687,29890.95125924817,29893.641687,29890.95125924817
31630.832429,31633.963881410473,0,2024-02-15 00:00:00,0.0,0.0,0.0,31630.832429,31633.963881410473,31630.832429,31633.963881410473
33774.045587,33779.550756430675,0,2024-02-16 00:00:00,0.0,0.0,0.0,33774.045587,33779.550756430675,33774.045587,33779.550756430675
36026.129746,36040.68430241739,0,2024-02-17 00:00:00,0.0,0.0,0.0,36026.129746,36040.68430241739,36026.129746,36040.68430241739
37988.019116999996,37997.09825356896,0,2024-02-18 00:00:00,0.0,0.0,0.0,37988.019116999996,37997.09825356896,37988.019116999996,37997.09825356896
40016.22771299999,40048.04061403183,0,2024-02-19 00:00:00,0.0,0.0,0.0,40016.22771299999,40048.04061403183,40016.22771299999,40048.04061403183
42093.268876999995,42119.072050821596,0,2024-02-20 00:00:00,0.0,0.0,0.0,42093.268876999995,42119.072050821596,42093.268876999995,42119.072050821596
47748.59817699999,47777.24733590619,0,2024-02-21 00:00:00,0.0,0.0,0.0,47748.59817699999,47777.24733590619,47748.59817699999,47777.24733590619
51381.67393799999,51416.51071292996,0,2024-02-22 00:00:00,0.0,0.0,0.0,51381.67393799999,51416.51071292996,51381.67393799999,51416.51071292996
53621.32805299999,53697.738445475516,0,2024-02-23 00:00:00,0.0,0.0,0.0,53621.32805299999,53697.738445475516,53621.32805299999,53697.738445475516
55270.55292399999,55349.47927357546,0,2024-02-24 00:00:00,0.0,0.0,0.0,55270.55292399999,55349.47927357546,55270.55292399999,55349.47927357546
57791.67683799999,57831.78426172556,0,2024-02-25 00:00:00,-7.275957614183426e-12,-7.281007128767669e-12,-1.2589974910365012e-16,57791.676837999985,57831.78426172555,57791.676837999985,57831.78426172555
62673.21281099999,62687.37695709528,0,2024-02-26 00:00:00,-7.275957614183426e-12,-7.277601980604232e-12,-1.1609357950301852e-16,62673.21281099998,62687.37695709527,62673.21281099998,62687.37695709527
65511.21761899999,65529.10218140997,0,2024-02-27 00:00:00,-7.275957614183426e-12,-7.277943950612098e-12,-1.1106430133078775e-16,65511.21761899998,65529.102181409966,65511.21761899998,65529.102181409966
68566.99038399999,68554.30549077895,0,2024-02-28 00:00:00,-1.4551915228366852e-11,-1.4549223124049604e-11,-2.1222916664229912e-16,68566.99038399998,68554.30549077893,68566.99038399998,68554.30549077893
77516.63746299999,77553.53538243237,0,2024-02-29 00:00:00,-1.4551915228366852e-11,-1.4558841940015553e-11,-1.8772634758973814e-16,77516.63746299998,77553.53538243235,77516.63746299998,77553.53538243235
84799.78820699999,84814.11937120698,0,2024-03-01 00:00:00,-1.4551915228366852e-11,-1.4554374502040447e-11,-1.7160320250853684e-16,84799.78820699998,84814.11937120697,84799.78820699998,84814.11937120697
91801.78396599999,91857.14044173148,0,2024-03-02 00:00:00,-1.4551915228366852e-11,-1.4560690033249556e-11,-1.5851451463902214e-16,91801.78396599997,91857.14044173146,91801.78396599997,91857.14044173146
102019.86052399999,102043.3250919205,0,2024-03-03 00:00:00,-1.4551915228366852e-11,-1.4555262168869375e-11,-1.4263806236966518e-16,102019.86052399997,102043.32509192049,102019.86052399997,102043.32509192049
111077.20375799999,110912.25411041937,0,2024-03-04 00:00:00,-1.4551915228366852e-11,-1.4530305634252728e-11,-1.31007216026707e-16,111077.20375799997,110912.25411041935,111077.20375799997,110912.25411041935
118317.99707499999,118626.45209337452,0,2024-03-05 00:00:00,-1.4551915228366852e-11,-1.4589852071367205e-11,-1.2298987126314025e-16,118317.99707499998,118626.45209337451,118317.99707499998,118626.45209337451
123105.31486999999,123209.58507169488,0,2024-03-06 00:00:00,-1.4551915228366852e-11,-1.456424070056528e-11,-1.182070428375393e-16,123105.31486999997,123209.58507169486,123105.31486999997,123209.58507169486
128711.06015599999,128757.91098189678,0,2024-03-07 00:00:00,-1.4551915228366852e-11,-1.4557212125509978e-11,-1.1305877840435535e-16,128711.06015599998,128757.91098189677,128711.06015599998,128757.91098189677
132387.655117,132460.7331026246,0,2024-03-08 00:00:00,0.0,0.0,0.0,132387.655117,132460.7331026246,132387.655117,132460.7331026246
135996.236966,136091.70632435012,0,2024-03-09 00:00:00,0.0,0.0,0.0,135996.236966,136091.70632435012,135996.236966,136091.70632435012
142986.206508,143142.77640412629,0,2024-03-10 00:00:00,0.0,0.0,0.0,142986.206508,143142.77640412629,142986.206508,143142.77640412629
153243.263271,153350.9932850795,0,2024-03-11 00:00:00,0.0,0.0,0.0,153243.263271,153350.9932850795,153243.263271,153350.9932850795
161226.20845,161297.79288655182,0,2024-03-12 00:00:00,0.0,0.0,0.0,161226.20845,161297.79288655182,161226.20845,161297.79288655182
172170.571101,172235.82374744728,0,2024-03-13 00:00:00,0.0,0.0,0.0,172170.571101,172235.82374744728,172170.571101,172235.82374744728
178652.753711,178805.14450991547,0,2024-03-14 00:00:00,0.0,0.0,0.0,178652.753711,178805.14450991547,178652.753711,178805.14450991547
187830.300358,188000.47461012437,0,2024-03-15 00:00:00,0.0,0.0,0.0,187830.300358,188000.47461012437,187830.300358,188000.47461012437
194619.13266600002,195088.7486331231,0,2024-03-16 00:00:00,0.0,0.0,0.0,194619.13266600002,195088.7486331231,194619.13266600002,195088.7486331231
208058.91272500003,208211.83602585288,0,2024-03-17 00:00:00,0.0,0.0,0.0,208058.91272500003,208211.83602585288,208058.91272500003,208211.83602585288
226427.39598700003,226686.20250061314,0,2024-03-18 00:00:00,0.0,0.0,0.0,226427.39598700003,226686.20250061314,226427.39598700003,226686.20250061314
241077.90095600003,241521.2432158581,0,2024-03-19 00:00:00,0.0,0.0,0.0,241077.90095600003,241521.2432158581,241077.90095600003,241521.2432158581
259194.40987700003,259580.09115889698,0,2024-03-20 00:00:00,0.0,0.0,0.0,259194.40987700003,259580.09115889698,259194.40987700003,259580.09115889698
276141.93568000005,276524.9445447882,0,2024-03-21 00:00:00,0.0,0.0,0.0,276141.93568000005,276524.9445447882,276141.93568000005,276524.9445447882
282699.86906000006,282972.39173377387,0,2024-03-22 00:00:00,0.0,0.0,0.0,282699.86906000006,282972.39173377387,282699.86906000006,282972.39173377387
294357.60744000005,294792.9623414038,0,2024-03-23 00:00:00,0.0,0.0,0.0,294357.60744000005,294792.9623414038,294357.60744000005,294792.9623414038
302007.79120000004,302395.87121169205,0,2024-03-24 00:00:00,0.0,0.0,0.0,302007.79120000004,302395.87121169205,302007.79120000004,302395.87121169205
314611.970387,314800.42295726185,0,2024-03-25 00:00:00,0.0,0.0,0.0,314611.970387,314800.42295726185,314611.970387,314800.42295726185
325667.488244,325897.7351581885,0,2024-03-26 00:00:00,0.0,0.0,0.0,325667.488244,325897.7351581885,325667.488244,325897.7351581885
339890.80384300003,340151.1601987438,0,2024-03-27 00:00:00,0.0,0.0,0.0,339890.80384300003,340151.1601987438,339890.80384300003,340151.1601987438
363152.43095,363386.3011155318,0,2024-03-28 00:00:00,0.0,0.0,0.0,363152.43095,363386.3011155318,363152.43095,363386.3011155318
373142.420996,373506.60799889214,0,2024-03-29 00:00:00,0.0,0.0,0.0,373142.420996,373506.60799889214,373142.420996,373506.60799889214
379516.014048,380095.1554854372,0,2024-03-30 00:00:00,0.0,0.0,0.0,379516.014048,380095.1554854372,379516.014048,380095.1554854372
391798.755893,391954.69179784536,0,2024-03-31 00:00:00,0.0,0.0,0.0,391798.755893,391954.69179784536,391798.755893,391954.69179784536
399289.385776,399628.38246452383,0,2024-04-01 00:00:00,0.0,0.0,0.0,399289.385776,399628.38246452383,399289.385776,399628.38246452383
407363.011596,407903.9896753995,0,2024-04-02 00:00:00,0.0,0.0,0.0,407363.011596,407903.9896753995,407363.011596,407903.9896753995
413973.68628799997,414338.811079306,0,2024-04-03 00:00:00,0.0,0.0,0.0,413973.68628799997,414338.811079306,413973.68628799997,414338.811079306
421248.59219899995,421428.0440992767,0,2024-04-04 00:00:00,0.0,0.0,0.0,421248.59219899995,421428.0440992767,421248.59219899995,421428.0440992767
429616.06965599995,430019.9087614766,0,2024-04-05 00:00:00,0.0,0.0,0.0,429616.06965599995,430019.9087614766,429616.06965599995,430019.9087614766
437789.71638399997,437533.171610199,0,2024-04-06 00:00:00,0.0,0.0,0.0,437789.71638399997,437533.171610199,437789.71638399997,437533.171610199
447647.134371,447862.4526426324,0,2024-04-07 00:00:00,0.0,0.0,0.0,447647.134371,447862.4526426324,447647.134371,447862.4526426324
454259.611336,454490.37521855865,0,2024-04-08 00:00:00,0.0,0.0,0.0,454259.611336,454490.37521855865,454259.611336,454490.37521855865
459548.542928,460067.37323296565,0,2024-04-09 00:00:00,0.0,0.0,0.0,459548.542928,460067.37323296565,459548.542928,460067.37323296565
466288.86976599996,466450.6720038088,0,2024-04-10 00:00:00,0.0,0.0,0.0,466288.86976599996,466450.6720038088,466288.86976599996,466450.6720038088
472680.33938499994,473182.32590542675,0,2024-04-11 00:00:00,0.0,0.0,0.0,472680.33938499994,473182.32590542675,472680.33938499994,473182.32590542675
478597.9852579999,479420.6951946584,0,2024-04-12 00:00:00,0.0,0.0,0.0,478597.9852579999,479420.6951946584,478597.9852579999,479420.6951946584
483057.9805919999,484384.94086468616,0,2024-04-13 00:00:00,0.0,0.0,0.0,483057.9805919999,484384.94086468616,483057.9805919999,484384.94086468616
487359.7087689999,487926.50811029825,0,2024-04-14 00:00:00,0.0,0.0,0.0,487359.7087689999,487926.50811029825,487359.7087689999,487926.50811029825
490460.7771979999,490732.49246856757,0,2024-04-15 00:00:00,0.0,0.0,0.0,490460.7771979999,490732.49246856757,490460.7771979999,490732.49246856757
495266.13268699986,495833.21240892645,0,2024-04-16 00:00:00,0.0,0.0,0.0,495266.13268699986,495833.21240892645,495266.13268699986,495833.21240892645
500790.46509699983,501552.16739441245,0,2024-04-17 00:00:00,0.0,0.0,0.0,500790.46509699983,501552.16739441245,500790.46509699983,501552.16739441245
504336.3393239998,505094.86117834307,0,2024-04-18 00:00:00,0.0,0.0,0.0,504336.3393239998,505094.86117834307,504336.3393239998,505094.86117834307
510567.7336169998,511086.98100208835,0,2024-04-19 00:00:00,0.0,0.0,0.0,510567.7336169998,511086.98100208835,510567.7336169998,511086.98100208835
516494.40778699983,516893.6579642191,0,2024-04-20 00:00:00,0.0,0.0,0.0,516494.40778699983,516893.6579642191,516494.40778699983,516893.6579642191
525821.4247469999,526326.213314757,0,2024-04-21 00:00:00,0.0,0.0,0.0,525821.4247469999,526326.213314757,525821.4247469999,526326.213314757
533862.5450339998,533903.1185874224,0,2024-04-22 00:00:00,0.0,0.0,0.0,533862.5450339998,533903.1185874224,533862.5450339998,533903.1185874224
542104.8137639998,542494.0450202824,0,2024-04-23 00:00:00,0.0,0.0,0.0,542104.8137639998,542494.0450202824,542104.8137639998,542494.0450202824
550912.9490679998,551596.0811248441,0,2024-04-24 00:00:00,0.0,0.0,0.0,550912.9490679998,551596.0811248441,550912.9490679998,551596.0811248441
557926.1689309998,558287.1471622982,0,2024-04-25 00:00:00,0.0,0.0,0.0,557926.1689309998,558287.1471622982,557926.1689309998,558287.1471622982
564165.1458759998,564596.732212595,0,2024-04-26 00:00:00,0.0,0.0,0.0,564165.1458759998,564596.732212595,564165.1458759998,564596.732212595
571626.5209159998,572074.104481877,0,2024-04-27 00:00:00,0.0,0.0,0.0,571626.5209159998,572074.104481877,571626.5209159998,572074.104481877
576645.2664769997,577672.8483418617,0,2024-04-28 00:00:00,0.0,0.0,0.0,576645.2664769997,577672.8483418617,576645.2664769997,577672.8483418617
584589.7353949997,584765.1123156182,0,2024-04-29 00:00:00,0.0,0.0,0.0,584589.7353949997,584765.1123156182,584589.7353949997,584765.1123156182
592202.7444419997,592931.1538176634,0,2024-04-30 00:00:00,0.0,0.0,0.0,592202.7444419997,592931.1538176634,592202.7444419997,592931.1538176634
597950.1874289997,599058.1891263057,0,2024-05-01 00:00:00,0.0,0.0,0.0,597950.1874289997,599058.1891263057,597950.1874289997,599058.1891263057
605428.9754559997,606072.5464569095,0,2024-05-02 00:00:00,0.0,0.0,0.0,605428.9754559997,606072.5464569095,605428.9754559997,606072.5464569095
625762.5291849998,626181.7900795537,0,2024-05-03 00:00:00,0.0,0.0,0.0,625762.5291849998,626181.7900795537,625762.5291849998,626181.7900795537
637504.7731049998,637489.4729904452,0,2024-05-04 00:00:00,0.0,0.0,0.0,637504.7731049998,637489.4729904452,637504.7731049998,637489.4729904452
648718.4969919998,649093.4562832612,0,2024-05-05 00:00:00,0.0,0.0,0.0,648718.4969919998,649093.4562832612,648718.4969919998,649093.4562832612
665697.3569379998,666208.6125081283,0,2024-05-06 00:00:00,0.0,0.0,0.0,665697.3569379998,666208.6125081283,665697.3569379998,666208.6125081283
675042.3705479999,675533.1263513882,0,2024-05-07 00:00:00,0.0,0.0,0.0,675042.3705479999,675533.1263513882,675042.3705479999,675533.1263513882
683925.0836059998,684997.4781370941,0,2024-05-08 00:00:00,0.0,0.0,0.0,683925.0836059998,684997.4781370941,683925.0836059998,684997.4781370941
695032.5340669998,695541.2978819368,0,2024-05-09 00:00:00,0.0,0.0,0.0,695032.5340669998,695541.2978819368,695032.5340669998,695541.2978819368
706245.6438009999,706540.1482344648,0,2024-05-10 00:00:00,0.0,0.0,0.0,706245.6438009999,706540.1482344648,706245.6438009999,706540.1482344648
712447.2352659998,713371.9917773751,0,2024-05-11 00:00:00,0.0,0.0,0.0,712447.2352659998,713371.9917773751,712447.2352659998,713371.9917773751
729268.5201379998,730253.032640186,0,2024-05-12 00:00:00,0.0,0.0,0.0,729268.5201379998,730253.032640186,729268.5201379998,730253.032640186
741105.0554519998,741237.7132569256,0,2024-05-13 00:00:00,0.0,0.0,0.0,741105.0554519998,741237.7132569256,741105.0554519998,741237.7132569256
764666.2169209998,765322.3005351181,0,2024-05-14 00:00:00,0.0,0.0,0.0,764666.2169209998,765322.3005351181,764666.2169209998,765322.3005351181
773952.9235499998,773932.8007739875,0,2024-05-15 00:00:00,0.0,0.0,0.0,773952.9235499998,773932.8007739875,773952.9235499998,773932.8007739875
783806.0884679998,784213.6676340032,0,2024-05-16 00:00:00,0.0,0.0,0.0,783806.0884679998,784213.6676340032,783806.0884679998,784213.6676340032
793300.1055919998,793615.0457339198,0,2024-05-17 00:00:00,0.0,0.0,0.0,793300.1055919998,793615.0457339198,793300.1055919998,793615.0457339198
802516.9568229999,802631.7167478256,0,2024-05-18 00:00:00,0.0,0.0,0.0,802516.9568229999,802631.7167478256,802516.9568229999,802631.7167478256
811648.5581339998,812013.7999851601,0,2024-05-19 00:00:00,0.0,0.0,0.0,811648.5581339998,812013.7999851601,811648.5581339998,812013.7999851601
822285.2244589998,822094.4542869253,0,2024-05-20 00:00:00,0.0,0.0,0.0,822285.2244589998,822094.4542869253,822285.2244589998,822094.4542869253
831980.1103039999,832701.4370596334,0,2024-05-21 00:00:00,0.0,0.0,0.0,831980.1103039999,832701.4370596334,831980.1103039999,832701.4370596334
846450.8728639998,847037.4633188946,0,2024-05-22 00:00:00,0.0,0.0,0.0,846450.8728639998,847037.4633188946,846450.8728639998,847037.4633188946
862155.3240599998,863375.2738435447,0,2024-05-23 00:00:00,0.0,0.0,0.0,862155.3240599998,863375.2738435447,862155.3240599998,863375.2738435447
875289.0886829998,876248.4055241963,0,2024-05-24 00:00:00,0.0,0.0,0.0,875289.0886829998,876248.4055241963,875289.0886829998,876248.4055241963
887331.3498079998,887581.5772486456,0,2024-05-25 00:00:00,0.0,0.0,0.0,887331.3498079998,887581.5772486456,887331.3498079998,887581.5772486456
898749.4807129998,900004.1349880751,0,2024-05-26 00:00:00,0.0,0.0,0.0,898749.4807129998,900004.1349880751,898749.4807129998,900004.1349880751
914583.3602459999,915518.9790235315,0,2024-05-27 00:00:00,0.0,0.0,0.0,914583.3602459999,915518.9790235315,914583.3602459999,915518.9790235315
928321.2289539999,929254.1917890987,0,2024-05-28 00:00:00,0.0,0.0,0.0,928321.2289539999,929254.1917890987,928321.2289539999,929254.1917890987
939940.3112179999,941205.4708768994,0,2024-05-29 00:00:00,0.0,0.0,0.0,939940.3112179999,941205.4708768994,939940.3112179999,941205.4708768994
951469.1596209999,952028.6234868572,0,2024-05-30 00:00:00,0.0,0.0,0.0,951469.1596209999,952028.6234868572,951469.1596209999,952028.6234868572
966407.4185779999,967485.9292571329,0,2024-05-31 00:00:00,0.0,0.0,0.0,966407.4185779999,967485.9292571329,966407.4185779999,967485.9292571329
978476.655314,979630.2792906152,0,2024-06-01 00:00:00,0.0,0.0,0.0,978476.655314,979630.2792906152,978476.655314,979630.2792906152
997600.2812089999,998122.0261560723,0,2024-06-02 00:00:00,0.0,0.0,0.0,997600.2812089999,998122.0261560723,997600.2812089999,998122.0261560723
1014493.3327119999,1015076.6663783093,0,2024-06-03 00:00:00,0.0,0.0,0.0,1014493.3327119999,1015076.6663783093,1014493.3327119999,1015076.6663783093
1032981.4600469999,1033470.060277602,0,2024-06-04 00:00:00,0.0,0.0,0.0,1032981.4600469999,1033470.060277602,1032981.4600469999,1033470.060277602
1055232.976816,1056058.16900387,0,2024-06-05 00:00:00,0.0,0.0,0.0,1055232.976816,1056058.16900387,1055232.976816,1056058.16900387
1072677.169093,1073414.098308167,0,2024-06-06 00:00:00,0.0,0.0,0.0,1072677.169093,1073414.098308167,1072677.169093,1073414.098308167
1094004.59673,1094886.3644349645,0,2024-06-07 00:00:00,0.0,0.0,0.0,1094004.59673,1094886.3644349645,1094004.59673,1094886.3644349645
1112223.7675180002,1113476.1314802254,0,2024-06-08 00:00:00,0.0,0.0,0.0,1112223.7675180002,1113476.1314802254,1112223.7675180002,1113476.1314802254
1144737.3496470002,1145662.2974255148,0,2024-06-09 00:00:00,0.0,0.0,0.0,1144737.3496470002,1145662.2974255148,1144737.3496470002,1145662.2974255148
1161985.7460320003,1162823.5377548893,0,2024-06-10 00:00:00,0.0,0.0,0.0,1161985.7460320003,1162823.5377548893,1161985.7460320003,1162823.5377548893
1180967.9361880003,1181623.3733925847,0,2024-06-11 00:00:00,0.0,0.0,0.0,1180967.9361880003,1181623.3733925847,1180967.9361880003,1181623.3733925847
1198344.4639500002,1199684.2130606964,0,2024-06-12 00:00:00,0.0,0.0,0.0,1198344.4639500002,1199684.2130606964,1198344.4639500002,1199684.2130606964
1214734.7762250002,1215255.8974440007,0,2024-06-13 00:00:00,0.0,0.0,0.0,1214734.7762250002,1215255.8974440007,1214734.7762250002,1215255.8974440007
1230829.3782320002,1231730.3453368659,0,2024-06-14 00:00:00,0.0,0.0,0.0,1230829.3782320002,1231730.3453368659,1230829.3782320002,1231730.3453368659
1250240.669316,1251232.1101667676,0,2024-06-15 00:00:00,0.0,0.0,0.0,1250240.669316,1251232.1101667676,1250240.669316,1251232.1101667676
1267869.687784,1269604.1335168886,0,2024-06-16 00:00:00,0.0,0.0,0.0,1267869.687784,1269604.1335168886,1267869.687784,1269604.1335168886
1287575.803396,1288208.0031154675,0,2024-06-17 00:00:00,0.0,0.0,0.0,1287575.803396,1288208.0031154675,1287575.803396,1288208.0031154675
1298893.005725,1299997.0647798663,0,2024-06-18 00:00:00,0.0,0.0,0.0,1298893.005725,1299997.0647798663,1298893.005725,1299997.0647798663
1321745.929973,1323063.710665183,0,2024-06-19 00:00:00,0.0,0.0,0.0,1321745.929973,1323063.710665183,1321745.929973,1323063.710665183
1333717.957956,1335235.7289921541,0,2024-06-20 00:00:00,0.0,0.0,0.0,1333717.957956,1335235.7289921541,1333717.957956,1335235.7289921541
1358742.747248,1360007.736745688,0,2024-06-21 00:00:00,0.0,0.0,0.0,1358742.747248,1360007.736745688,1358742.747248,1360007.736745688
1375831.291018,1377435.510303327,0,2024-06-22 00:00:00,0.0,0.0,0.0,1375831.291018,1377435.510303327,1375831.291018,1377435.510303327
1392919.023284,1395838.5815568035,0,2024-06-23 00:00:00,0.0,0.0,0.0,1392919.023284,1395838.5815568035,1392919.023284,1395838.5815568035
1410842.010714,1412125.8769437498,0,2024-06-24 00:00:00,0.0,0.0,0.0,1410842.010714,1412125.8769437498,1410842.010714,1412125.8769437498
1426791.663288,1428149.9689514502,0,2024-06-25 00:00:00,0.0,0.0,0.0,1426791.663288,1428149.9689514502,1426791.663288,1428149.9689514502
1442964.268043,1443726.1531765268,0,2024-06-26 00:00:00,0.0,0.0,0.0,1442964.268043,1443726.1531765268,1442964.268043,1443726.1531765268
1462873.930956,1464044.2301007647,0,2024-06-27 00:00:00,0.0,0.0,0.0,1462873.930956,1464044.2301007647,1462873.930956,1464044.2301007647
1481168.137653,1483739.4455399655,0,2024-06-28 00:00:00,0.0,0.0,0.0,1481168.137653,1483739.4455399655,1481168.137653,1483739.4455399655
1498641.035172,1500619.2413384272,0,2024-06-29 00:00:00,0.0,0.0,0.0,1498641.035172,1500619.2413384272,1498641.035172,1500619.2413384272
1515881.089408,1516407.1001460247,0,2024-06-30 00:00:00,0.0,0.0,0.0,1515881.089408,1516407.1001460247,1515881.089408,1516407.1001460247
1537628.075922,1538793.598003549,0,2024-07-01 00:00:00,0.0,0.0,0.0,1537628.075922,1538793.598003549,1537628.075922,1538793.598003549
1557168.278217,1558516.7859459359,0,2024-07-02 00:00:00,0.0,0.0,0.0,1557168.278217,1558516.7859459359,1557168.278217,1558516.7859459359
1572487.89686,1574186.1837886088,0,2024-07-03 00:00:00,0.0,0.0,0.0,1572487.89686,1574186.1837886088,1572487.89686,1574186.1837886088
1595568.427309,1597869.2369811793,0,2024-07-04 00:00:00,0.0,0.0,0.0,1595568.427309,1597869.2369811793,1595568.427309,1597869.2369811793
1611923.230541,1613354.6183697204,0,2024-07-05 00:00:00,0.0,0.0,0.0,1611923.230541,1613354.6183697204,1611923.230541,1613354.6183697204
1630135.9465909998,1632051.356328244,0,2024-07-06 00:00:00,0.0,0.0,0.0,1630135.9465909998,1632051.356328244,1630135.9465909998,1632051.356328244
1647743.2178359998,1648819.1941572467,0,2024-07-07 00:00:00,0.0,0.0,0.0,1647743.2178359998,1648819.1941572467,1647743.2178359998,1648819.1941572467
1662459.7096089998,1663187.8669618084,0,2024-07-08 00:00:00,0.0,0.0,0.0,1662459.7096089998,1663187.8669618084,1662459.7096089998,1663187.8669618084
1679539.0172219998,1681273.9810267903,0,2024-07-09 00:00:00,0.0,0.0,0.0,1679539.0172219998,1681273.9810267903,1679539.0172219998,1681273.9810267903
1694878.7597839998,1696251.6115794247,0,2024-07-10 00:00:00,0.0,0.0,0.0,1694878.7597839998,1696251.6115794247,1694878.7597839998,1696251.6115794247
1709671.3998109999,1711787.973003966,0,2024-07-11 00:00:00,0.0,0.0,0.0,1709671.3998109999,1711787.973003966,1709671.3998109999,1711787.973003966
1728556.05439,1729608.7450271235,0,2024-07-12 00:00:00,0.0,0.0,0.0,1728556.05439,1729608.7450271235,1728556.05439,1729608.7450271235
1744037.2122519999,1743076.247748049,0,2024-07-13 00:00:00,0.0,0.0,0.0,1744037.2122519999,1743076.247748049,1744037.2122519999,1743076.247748049
1758243.848792,1757479.0127177755,0,2024-07-14 00:00:00,0.0,0.0,0.0,1758243.848792,1757479.0127177755,1758243.848792,1757479.0127177755
1770038.015474,1770650.4486273539,0,2024-07-15 00:00:00,0.0,0.0,0.0,1770038.015474,1770650.4486273539,1770038.015474,1770650.4486273539
1788433.894614,1788340.89605148,0,2024-07-16 00:00:00,0.0,0.0,0.0,1788433.894614,1788340.89605148,1788433.894614,1788340.89605148
1800827.8321260002,1801312.2548128422,0,2024-07-17 00:00:00,0.0,0.0,0.0,1800827.8321260002,1801312.2548128422,1800827.8321260002,1801312.2548128422
1814356.341013,1815209.0884932762,0,2024-07-18 00:00:00,0.0,0.0,0.0,1814356.341013,1815209.0884932762,1814356.341013,1815209.0884932762
1835524.6420270002,1836238.6611127486,0,2024-07-19 00:00:00,0.0,0.0,0.0,1835524.6420270002,1836238.6611127486,1835524.6420270002,1836238.6611127486
1849444.5610880002,1850437.7128173045,0,2024-07-20 00:00:00,0.0,0.0,0.0,1849444.5610880002,1850437.7128173045,1849444.5610880002,1850437.7128173045
1864275.6891770002,1864611.258801052,0,2024-07-21 00:00:00,0.0,0.0,0.0,1864275.6891770002,1864611.258801052,1864275.6891770002,1864611.258801052
1881500.3715420002,1881987.6801382296,0,2024-07-22 00:00:00,0.0,0.0,0.0,1881500.3715420002,1881987.6801382296,1881500.3715420002,1881987.6801382296
1894424.1911380002,1895242.582388572,0,2024-07-23 00:00:00,0.0,0.0,0.0,1894424.1911380002,1895242.582388572,1894424.1911380002,1895242.582388572
1907732.1426470003,1908991.2458611475,0,2024-07-24 00:00:00,0.0,0.0,0.0,1907732.1426470003,1908991.2458611475,1907732.1426470003,1908991.2458611475
1927612.3166340003,1928882.613150662,0,2024-07-25 00:00:00,0.0,0.0,0.0,1927612.3166340003,1928882.613150662,1927612.3166340003,1928882.613150662
1942574.7008580002,1943390.5822323607,0,2024-07-26 00:00:00,0.0,0.0,0.0,1942574.7008580002,1943390.5822323607,1942574.7008580002,1943390.5822323607
1960862.504081,1962305.6988840038,0,2024-07-27 00:00:00,0.0,0.0,0.0,1960862.504081,1962305.6988840038,1960862.504081,1962305.6988840038
1976970.1813160002,1978397.5537869101,0,2024-07-28 00:00:00,0.0,0.0,0.0,1976970.1813160002,1978397.5537869101,1976970.1813160002,1978397.5537869101
2001417.0098210003,2003322.35881435,0,2024-07-29 00:00:00,0.0,0.0,0.0,2001417.0098210003,2003322.35881435,2001417.0098210003,2003322.35881435
2023680.7269800003,2025263.2453084989,0,2024-07-30 00:00:00,0.0,0.0,0.0,2023680.7269800003,2025263.2453084989,2023680.7269800003,2025263.2453084989
2047897.9805570003,2050089.231396196,0,2024-07-31 00:00:00,0.0,0.0,0.0,2047897.9805570003,2050089.231396196,2047897.9805570003,2050089.231396196
2074894.3744660004,2076070.8395763226,0,2024-08-01 00:00:00,0.0,0.0,0.0,2074894.3744660004,2076070.8395763226,2074894.3744660004,2076070.8395763226
2099380.6820720006,2101977.6159757236,0,2024-08-02 00:00:00,0.0,0.0,0.0,2099380.6820720006,2101977.6159757236,2099380.6820720006,2101977.6159757236
2122395.0273330007,2124833.6592194065,0,2024-08-03 00:00:00,0.0,0.0,0.0,2122395.0273330007,2124833.6592194065,2122395.0273330007,2124833.6592194065
2146545.142298001,2148629.437631172,0,2024-08-04 00:00:00,0.0,0.0,0.0,2146545.142298001,2148629.437631172,2146545.142298001,2148629.437631172
2182063.1406240007,2185242.40661989,0,2024-08-05 00:00:00,0.0,0.0,0.0,2182063.1406240007,2185242.40661989,2182063.1406240007,2185242.40661989
2207631.327294001,2207911.696472567,0,2024-08-06 00:00:00,0.0,0.0,0.0,2207631.327294001,2207911.696472567,2207631.327294001,2207911.696472567
2227746.4737070007,2229718.0293362313,0,2024-08-07 00:00:00,0.0,0.0,0.0,2227746.4737070007,2229718.0293362313,2227746.4737070007,2229718.0293362313
2246930.2523400006,2246103.3820071393,0,2024-08-08 00:00:00,0.0,0.0,0.0,2246930.2523400006,2246103.3820071393,2246930.2523400006,2246103.3820071393
2265889.987630001,2264872.6030255547,0,2024-08-09 00:00:00,0.0,0.0,0.0,2265889.987630001,2264872.6030255547,2265889.987630001,2264872.6030255547
2282913.2782510007,2284271.61165156,0,2024-08-10 00:00:00,0.0,0.0,0.0,2282913.2782510007,2284271.61165156,2282913.2782510007,2284271.61165156
2303090.013165001,2303513.781727423,0,2024-08-11 00:00:00,0.0,0.0,0.0,2303090.013165001,2303513.781727423,2303090.013165001,2303513.781727423
2321622.094732001,2322367.33542441,0,2024-08-12 00:00:00,0.0,0.0,0.0,2321622.094732001,2322367.33542441,2321622.094732001,2322367.33542441
2339653.010535001,2339842.5224288544,0,2024-08-13 00:00:00,0.0,0.0,0.0,2339653.010535001,2339842.5224288544,2339653.010535001,2339842.5224288544
2355382.4059660006,2356263.318985832,0,2024-08-14 00:00:00,0.0,0.0,0.0,2355382.4059660006,2356263.318985832,2355382.4059660006,2356263.318985832
2378694.4796320004,2379565.081811546,0,2024-08-15 00:00:00,0.0,0.0,0.0,2378694.4796320004,2379565.081811546,2378694.4796320004,2379565.081811546
2395254.1588660004,2396566.758145059,0,2024-08-16 00:00:00,0.0,0.0,0.0,2395254.1588660004,2396566.758145059,2395254.1588660004,2396566.758145059
2416975.0871260003,2418840.9918932617,0,2024-08-17 00:00:00,0.0,0.0,0.0,2416975.0871260003,2418840.9918932617,2416975.0871260003,2418840.9918932617
2437256.112383,2437375.5379325068,0,2024-08-18 00:00:00,0.0,0.0,0.0,2437256.112383,2437375.5379325068,2437256.112383,2437375.5379325068
2458423.144777,2459313.0939554092,0,2024-08-19 00:00:00,0.0,0.0,0.0,2458423.144777,2459313.0939554092,2458423.144777,2459313.0939554092
2474878.926047,2476871.203582468,0,2024-08-20 00:00:00,0.0,0.0,0.0,2474878.926047,2476871.203582468,2474878.926047,2476871.203582468
2492429.142459,2493099.6058983216,0,2024-08-21 00:00:00,0.0,0.0,0.0,2492429.142459,2493099.6058983216,2492429.142459,2493099.6058983216
2518526.054606,2519095.2414943413,0,2024-08-22 00:00:00,0.0,0.0,0.0,2518526.054606,2519095.2414943413,2518526.054606,2519095.2414943413
2542428.52766,2540636.1155479997,0,2024-08-23 00:00:00,0.0,0.0,0.0,2542428.52766,2540636.1155479997,2542428.52766,2540636.1155479997
2564789.506966,2565317.853604435,0,2024-08-24 00:00:00,0.0,0.0,0.0,2564789.506966,2565317.853604435,2564789.506966,2565317.853604435
2587375.804987,2586809.169685708,0,2024-08-25 00:00:00,0.0,0.0,0.0,2587375.804987,2586809.169685708,2587375.804987,2586809.169685708
2610220.206382,2611997.766342546,0,2024-08-26 00:00:00,0.0,0.0,0.0,2610220.206382,2611997.766342546,2610220.206382,2611997.766342546
2634533.251888,2636042.8394413316,0,2024-08-27 00:00:00,0.0,0.0,0.0,2634533.251888,2636042.8394413316,2634533.251888,2636042.8394413316
2656860.176089,2658074.3611894725,0,2024-08-28 00:00:00,0.0,0.0,0.0,2656860.176089,2658074.3611894725,2656860.176089,2658074.3611894725
2681362.051286,2682804.6240695915,0,2024-08-29 00:00:00,0.0,0.0,0.0,2681362.051286,2682804.6240695915,2681362.051286,2682804.6240695915
2703939.905033,2706116.576656551,0,2024-08-30 00:00:00,0.0,0.0,0.0,2703939.905033,2706116.576656551,2703939.905033,2706116.576656551
2723328.101392,2726103.1727273185,0,2024-08-31 00:00:00,0.0,0.0,0.0,2723328.101392,2726103.1727273185,2723328.101392,2726103.1727273185
2743609.693377,2749096.912763754,0,2024-09-01 00:00:00,0.0,0.0,0.0,2743609.693377,2749096.912763754,2743609.693377,2749096.912763754
2764765.0333769997,2766064.4729426866,0,2024-09-02 00:00:00,0.0,0.0,0.0,2764765.0333769997,2766064.4729426866,2764765.0333769997,2766064.4729426866
2786663.5845739995,2788277.062789468,0,2024-09-03 00:00:00,0.0,0.0,0.0,2786663.5845739995,2788277.062789468,2786663.5845739995,2788277.062789468
2809973.5265949997,2810296.6735505583,0,2024-09-04 00:00:00,0.0,0.0,0.0,2809973.5265949997,2810296.6735505583,2809973.5265949997,2810296.6735505583
2834789.492493,2837142.3677717694,0,2024-09-05 00:00:00,0.0,0.0,0.0,2834789.492493,2837142.3677717694,2834789.492493,2837142.3677717694
2857397.292297,2859888.942735883,0,2024-09-06 00:00:00,0.0,0.0,0.0,2857397.292297,2859888.942735883,2857397.292297,2859888.942735883
2870899.60762,2874551.3919208925,0,2024-09-07 00:00:00,0.0,0.0,0.0,2870899.60762,2874551.3919208925,2870899.60762,2874551.3919208925
2893572.73243,2894469.7399770534,0,2024-09-08 00:00:00,0.0,0.0,0.0,2893572.73243,2894469.7399770534,2893572.73243,2894469.7399770534
2911698.745966,2912499.463121141,0,2024-09-09 00:00:00,0.0,0.0,0.0,2911698.745966,2912499.463121141,2911698.745966,2912499.463121141
2929839.943043,2930080.1899183295,0,2024-09-10 00:00:00,0.0,0.0,0.0,2929839.943043,2930080.1899183295,2929839.943043,2930080.1899183295
2948211.3454400003,2949947.8419224643,0,2024-09-11 00:00:00,0.0,0.0,0.0,2948211.3454400003,2949947.8419224643,2948211.3454400003,2949947.8419224643
2963712.70404,2964349.902271369,0,2024-09-12 00:00:00,0.0,0.0,0.0,2963712.70404,2964349.902271369,2963712.70404,2964349.902271369
2993193.031086,2993743.77860372,0,2024-09-13 00:00:00,0.0,0.0,0.0,2993193.031086,2993743.77860372,2993193.031086,2993743.77860372
3011889.961749,3012489.327851388,0,2024-09-14 00:00:00,0.0,0.0,0.0,3011889.961749,3012489.327851388,3011889.961749,3012489.327851388
3038651.380704,3042373.7286453624,0,2024-09-15 00:00:00,0.0,0.0,0.0,3038651.380704,3042373.7286453624,3038651.380704,3042373.7286453624
3071841.645264,3073334.5603035986,0,2024-09-16 00:00:00,0.0,0.0,0.0,3071841.645264,3073334.5603035986,3071841.645264,3073334.5603035986
3095749.592443,3096368.7423614888,0,2024-09-17 00:00:00,0.0,0.0,0.0,3095749.592443,3096368.7423614888,3095749.592443,3096368.7423614888
3136471.015212,3133955.5654578,0,2024-09-18 00:00:00,0.0,0.0,0.0,3136471.015212,3133955.5654578,3136471.015212,3133955.5654578
3173597.457271,3173527.63812694,0,2024-09-19 00:00:00,0.0,0.0,0.0,3173597.457271,3173527.63812694,3173597.457271,3173527.63812694
3208291.576613,3208727.904267419,0,2024-09-20 00:00:00,0.0,0.0,0.0,3208291.576613,3208727.904267419,3208291.576613,3208727.904267419
3243794.7105900003,3244582.9527046736,0,2024-09-21 00:00:00,0.0,0.0,0.0,3243794.7105900003,3244582.9527046736,3243794.7105900003,3244582.9527046736
3273481.5753130005,3273530.6775366305,0,2024-09-22 00:00:00,0.0,0.0,0.0,3273481.5753130005,3273530.6775366305,3273481.5753130005,3273530.6775366305
3298786.3354790006,3299271.2570703155,0,2024-09-23 00:00:00,0.0,0.0,0.0,3298786.3354790006,3299271.2570703155,3298786.3354790006,3299271.2570703155
3333904.1229650006,3333554.0630320893,0,2024-09-24 00:00:00,0.0,0.0,0.0,3333904.1229650006,3333554.0630320893,3333904.1229650006,3333554.0630320893
3374870.8566370006,3375859.6937979953,0,2024-09-25 00:00:00,0.0,0.0,0.0,3374870.8566370006,3375859.6937979953,3374870.8566370006,3375859.6937979953
3424821.3943020008,3426752.9935683873,0,2024-09-26 00:00:00,0.0,0.0,0.0,3424821.3943020008,3426752.9935683873,3424821.3943020008,3426752.9935683873
3459522.252674001,3461165.525744021,0,2024-09-27 00:00:00,0.0,0.0,0.0,3459522.252674001,3461165.525744021,3459522.252674001,3461165.525744021
3489399.3520090007,3493761.101199012,0,2024-09-28 00:00:00,0.0,0.0,0.0,3489399.3520090007,3493761.101199012,3489399.3520090007,3493761.101199012
3518221.4416020005,3520620.8686251733,0,2024-09-29 00:00:00,0.0,0.0,0.0,3518221.4416020005,3520620.8686251733,3518221.4416020005,3520620.8686251733
3548492.8533620005,3553843.9805848706,0,2024-09-30 00:00:00,0.0,0.0,0.0,3548492.8533620005,3553843.9805848706,3548492.8533620005,3553843.9805848706
3584134.9204400005,3586421.598519241,0,2024-10-01 00:00:00,0.0,0.0,0.0,3584134.9204400005,3586421.598519241,3584134.9204400005,3586421.598519241
3616172.3954770006,3619954.91180267,0,2024-10-02 00:00:00,0.0,0.0,0.0,3616172.3954770006,3619954.91180267,3616172.3954770006,3619954.91180267
3645170.3778050006,3647131.4794682595,0,2024-10-03 00:00:00,0.0,0.0,0.0,3645170.3778050006,3647131.4794682595,3645170.3778050006,3647131.4794682595
3669355.1033950006,3672132.80520827,0,2024-10-04 00:00:00,0.0,0.0,0.0,3669355.1033950006,3672132.80520827,3669355.1033950006,3672132.80520827
3695293.0995780006,3698356.4975575507,0,2024-10-05 00:00:00,0.0,0.0,0.0,3695293.0995780006,3698356.4975575507,3695293.0995780006,3698356.4975575507
3719289.6012880006,3718820.9707982386,0,2024-10-06 00:00:00,0.0,0.0,0.0,3719289.6012880006,3718820.9707982386,3719289.6012880006,3718820.9707982386
3742966.9206860005,3745074.211062347,0,2024-10-07 00:00:00,0.0,0.0,0.0,3742966.9206860005,3745074.211062347,3742966.9206860005,3745074.211062347
3785613.2849920006,3788134.5034398055,0,2024-10-08 00:00:00,0.0,0.0,0.0,3785613.2849920006,3788134.5034398055,3785613.2849920006,3788134.5034398055
3823127.1106230007,3825902.700905313,0,2024-10-09 00:00:00,0.0,0.0,0.0,3823127.1106230007,3825902.700905313,3823127.1106230007,3825902.700905313
3858760.5573580004,3861029.508565727,0,2024-10-10 00:00:00,0.0,0.0,0.0,3858760.5573580004,3861029.508565727,3858760.5573580004,3861029.508565727
3895378.1175720003,3895717.0154682286,0,2024-10-11 00:00:00,0.0,0.0,0.0,3895378.1175720003,3895717.0154682286,3895378.1175720003,3895717.0154682286
3925990.7572100004,3925633.4920510943,0,2024-10-12 00:00:00,0.0,0.0,0.0,3925990.7572100004,3925633.4920510943,3925990.7572100004,3925633.4920510943
3957853.6255310006,3960469.7667774768,0,2024-10-13 00:00:00,0.0,0.0,0.0,3957853.6255310006,3960469.7667774768,3957853.6255310006,3960469.7667774768
3992059.4082160005,3991728.067285118,0,2024-10-14 00:00:00,0.0,0.0,0.0,3992059.4082160005,3991728.067285118,3992059.4082160005,3991728.067285118
4030609.6433050004,4029497.195043448,0,2024-10-15 00:00:00,0.0,0.0,0.0,4030609.6433050004,4029497.195043448,4030609.6433050004,4029497.195043448
4076099.5273760003,4074884.849716842,0,2024-10-16 00:00:00,0.0,0.0,0.0,4076099.5273760003,4074884.849716842,4076099.5273760003,4074884.849716842
4113175.3388850004,4113286.3946191506,0,2024-10-17 00:00:00,0.0,0.0,0.0,4113175.3388850004,4113286.3946191506,4113175.3388850004,4113286.3946191506
4139685.5629950003,4140182.325262559,0,2024-10-18 00:00:00,0.0,0.0,0.0,4139685.5629950003,4140182.325262559,4139685.5629950003,4140182.325262559
4169701.3571280004,4169271.877888216,0,2024-10-19 00:00:00,0.0,0.0,0.0,4169701.3571280004,4169271.877888216,4169701.3571280004,4169271.877888216
4195268.465713,4190511.0312728817,0,2024-10-20 00:00:00,0.0,0.0,0.0,4195268.465713,4190511.0312728817,4195268.465713,4190511.0312728817
4223834.7018639995,4223948.745400949,0,2024-10-21 00:00:00,0.0,0.0,0.0,4223834.7018639995,4223948.745400949,4223834.7018639995,4223948.745400949
4255641.416699,4256352.108815589,0,2024-10-22 00:00:00,0.0,0.0,0.0,4255641.416699,4256352.108815589,4255641.416699,4256352.108815589
4294909.167013,4291980.038961097,0,2024-10-23 00:00:00,0.0,0.0,0.0,4294909.167013,4291980.038961097,4294909.167013,4291980.038961097
4334137.721923,4334761.837754956,0,2024-10-24 00:00:00,0.0,0.0,0.0,4334137.721923,4334761.837754956,4334137.721923,4334761.837754956
4378734.190787001,4383958.020676609,0,2024-10-25 00:00:00,0.0,0.0,0.0,4378734.190787001,4383958.020676609,4378734.190787001,4383958.020676609
4417521.162298,4421156.782214572,0,2024-10-26 00:00:00,0.0,0.0,0.0,4417521.162298,4421156.782214572,4417521.162298,4421156.782214572
4465745.485486001,4466652.031819554,0,2024-10-27 00:00:00,0.0,0.0,0.0,4465745.485486001,4466652.031819554,4465745.485486001,4466652.031819554
4504302.0596320005,4504779.515650321,0,2024-10-28 00:00:00,0.0,0.0,0.0,4504302.0596320005,4504779.515650321,4504302.0596320005,4504779.515650321
4553533.844055001,4553151.3472121,0,2024-10-29 00:00:00,0.0,0.0,0.0,4553533.844055001,4553151.3472121,4553533.844055001,4553151.3472121
4598755.940518001,4599542.3277838295,0,2024-10-30 00:00:00,0.0,0.0,0.0,4598755.940518001,4599542.3277838295,4598755.940518001,4599542.3277838295
4629334.402261001,4632227.736262415,0,2024-10-31 00:00:00,0.0,0.0,0.0,4629334.402261001,4632227.736262415,4629334.402261001,4632227.736262415
4668441.641982001,4670971.937351956,0,2024-11-01 00:00:00,0.0,0.0,0.0,4668441.641982001,4670971.937351956,4668441.641982001,4670971.937351956
4702596.863362001,4707793.232896016,0,2024-11-02 00:00:00,0.0,0.0,0.0,4702596.863362001,4707793.232896016,4702596.863362001,4707793.232896016
4736881.109694001,4740855.352945034,0,2024-11-03 00:00:00,0.0,0.0,0.0,4736881.109694001,4740855.352945034,4736881.109694001,4740855.352945034
4771764.809447002,4775553.590705702,0,2024-11-04 00:00:00,0.0,0.0,0.0,4771764.809447002,4775553.590705702,4771764.809447002,4775553.590705702
4813092.836197002,4815075.830445515,0,2024-11-05 00:00:00,0.0,0.0,0.0,4813092.836197002,4815075.830445515,4813092.836197002,4815075.830445515
4856570.412510002,4854856.043154386,0,2024-11-06 00:00:00,0.0,0.0,0.0,4856570.412510002,4854856.043154386,4856570.412510002,4854856.043154386
4888758.324609002,4887829.460527326,0,2024-11-07 00:00:00,0.0,0.0,0.0,4888758.324609002,4887829.460527326,4888758.324609002,4887829.460527326
4925604.102279002,4924825.856830842,0,2024-11-08 00:00:00,0.0,0.0,0.0,4925604.102279002,4924825.856830842,4925604.102279002,4924825.856830842
4968763.404781002,4963839.360246864,0,2024-11-09 00:00:00,0.0,0.0,0.0,4968763.404781002,4963839.360246864,4968763.404781002,4963839.360246864
5015856.916686001,5014537.746316913,0,2024-11-10 00:00:00,0.0,0.0,0.0,5015856.916686001,5014537.746316913,5015856.916686001,5014537.746316913
5078496.468890001,5076058.790584934,0,2024-11-11 00:00:00,0.0,0.0,0.0,5078496.468890001,5076058.790584934,5078496.468890001,5076058.790584934
5157979.024228001,5159696.631243069,0,2024-11-12 00:00:00,0.0,0.0,0.0,5157979.024228001,5159696.631243069,5157979.024228001,5159696.631243069
5220046.679462001,5221247.290198277,0,2024-11-13 00:00:00,0.0,0.0,0.0,5220046.679462001,5221247.290198277,5220046.679462001,5221247.290198277
5285746.751644,5288188.76664326,0,2024-11-14 00:00:00,0.0,0.0,0.0,5285746.751644,5288188.76664326,5285746.751644,5288188.76664326
5343085.540362,5344047.295759266,0,2024-11-15 00:00:00,0.0,0.0,0.0,5343085.540362,5344047.295759266,5343085.540362,5344047.295759266
5386458.328059001,5389819.478055709,0,2024-11-16 00:00:00,0.0,0.0,0.0,5386458.328059001,5389819.478055709,5386458.328059001,5389819.478055709
5436456.404874001,5441251.3594231,0,2024-11-17 00:00:00,0.0,0.0,0.0,5436456.404874001,5441251.3594231,5436456.404874001,5441251.3594231
5485349.840287001,5486457.880954739,0,2024-11-18 00:00:00,0.0,0.0,0.0,5485349.840287001,5486457.880954739,5485349.840287001,5486457.880954739
5558033.318991001,5558494.635756478,0,2024-11-19 00:00:00,0.0,0.0,0.0,5558033.318991001,5558494.635756478,5558033.318991001,5558494.635756478
5636271.0706360005,5636778.335032357,0,2024-11-20 00:00:00,0.0,0.0,0.0,5636271.0706360005,5636778.335032357,5636271.0706360005,5636778.335032357
5708061.0383210005,5704510.624355164,0,2024-11-21 00:00:00,0.0,0.0,0.0,5708061.0383210005,5704510.624355164,5708061.0383210005,5704510.624355164
5770886.467921001,5767118.079057449,0,2024-11-22 00:00:00,0.0,0.0,0.0,5770886.467921001,5767118.079057449,5770886.467921001,5767118.079057449
5817951.566856001,5813273.933796248,0,2024-11-23 00:00:00,0.0,0.0,0.0,5817951.566856001,5813273.933796248,5817951.566856001,5813273.933796248
5881030.960086,5880054.708946626,0,2024-11-24 00:00:00,0.0,0.0,0.0,5881030.960086,5880054.708946626,5881030.960086,5880054.708946626
5943588.04686,5945959.538490698,0,2024-11-25 00:00:00,0.0,0.0,0.0,5943588.04686,5945959.538490698,5943588.04686,5945959.538490698
6009516.366437,6011132.926339572,0,2024-11-26 00:00:00,0.0,0.0,0.0,6009516.366437,6011132.926339572,6009516.366437,6011132.926339572
6082146.378996001,6080376.474399713,0,2024-11-27 00:00:00,0.0,0.0,0.0,6082146.378996001,6080376.474399713,6082146.378996001,6080376.474399713
6165925.012252001,6166264.138127674,0,2024-11-28 00:00:00,-9.313225746154785e-10,-9.313737973570823e-10,-1.5104344810630913e-16,6165925.012252,6166264.138127673,6165925.012252,6166264.138127673
6257997.012368001,6255581.425521227,0,2024-11-29 00:00:00,-9.313225746154785e-10,-9.309630841016769e-10,-1.488211919524503e-16,6257997.012368,6255581.425521226,6257997.012368,6255581.425521226
6444951.124878001,6439376.242154982,0,2024-11-30 00:00:00,-9.313225746154785e-10,-9.305169805884361e-10,-1.4450421059370065e-16,6444951.1248780005,6439376.242154981,6444951.1248780005,6439376.242154981
6530419.848734002,6522903.335488109,0,2024-12-01 00:00:00,-9.313225746154785e-10,-9.302506223320961e-10,-1.4261297071060851e-16,6530419.848734001,6522903.335488108,6530419.848734001,6522903.335488108
6637267.470062002,6633012.981613692,0,2024-12-02 00:00:00,-9.313225746154785e-10,-9.3072559684515e-10,-1.4031716799365007e-16,6637267.470062001,6633012.981613691,6637267.470062001,6633012.981613691
6755780.688818001,6750389.575828325,0,2024-12-03 00:00:00,-9.313225746154785e-10,-9.305793792009354e-10,-1.3785565540293226e-16,6755780.688818,6750389.575828324,6755780.688818,6750389.575828324
6868581.3749480015,6869323.181736496,0,2024-12-04 00:00:00,-9.313225746154785e-10,-9.31423157453537e-10,-1.3559169263282247e-16,6868581.374948001,6869323.181736495,6868581.374948001,6869323.181736495
6993678.936561001,6993895.740608034,0,2024-12-05 00:00:00,-9.313225746154785e-10,-9.313514456152915e-10,-1.331663324930151e-16,6993678.9365610005,6993895.740608033,6993678.9365610005,6993895.740608033
7126137.800775002,7122482.092083205,0,2024-12-06 00:00:00,-9.313225746154785e-10,-9.308448061347008e-10,-1.3069107006521722e-16,7126137.800775001,7122482.092083204,7126137.800775001,7122482.092083204
7248919.469731002,7241779.284053317,0,2024-12-07 00:00:00,-9.313225746154785e-10,-9.304052218794823e-10,-1.2847743425821764e-16,7248919.469731001,7241779.284053316,7248919.469731001,7241779.284053316
7399778.462135002,7401095.622701262,0,2024-12-08 00:00:00,-9.313225746154785e-10,-9.3148835003376e-10,-1.258581698602327e-16,7399778.462135001,7401095.622701261,7399778.462135001,7401095.622701261
7553273.455520002,7555962.420870167,0,2024-12-09 00:00:00,-9.313225746154785e-10,-9.316541254520416e-10,-1.2330052395161986e-16,7553273.455520001,7555962.420870166,7553273.455520001,7555962.420870166
7711411.074838002,7713223.256440589,0,2024-12-10 00:00:00,-9.313225746154785e-10,-9.315414354205131e-10,-1.207720047053831e-16,7711411.074838001,7713223.256440588,7711411.074838001,7713223.256440588
7873923.811799002,7868356.94766406,0,2024-12-11 00:00:00,-9.313225746154785e-10,-9.306641295552254e-10,-1.1827934799418563e-16,7873923.811799001,7868356.947664059,7873923.811799001,7868356.947664059
8033591.343464002,8032402.371945169,0,2024-12-12 00:00:00,-9.313225746154785e-10,-9.311847388744354e-10,-1.1592854737043444e-16,8033591.343464001,8032402.371945168,8033591.343464001,8032402.371945168
8183535.348686002,8181865.907474871,0,2024-12-13 00:00:00,-9.313225746154785e-10,-9.31132584810257e-10,-1.138044298623354e-16,8183535.348686001,8181865.90747487,8183535.348686001,8181865.90747487
8315536.014596002,8316459.039093622,0,2024-12-14 00:00:00,-9.313225746154785e-10,-9.314259514212608e-10,-1.1199790043368906e-16,8315536.014596001,8316459.039093621,8315536.014596001,8316459.039093621
8471387.919595003,8468965.10265,0,2024-12-15 00:00:00,-1.862645149230957e-09,-1.862112432718277e-09,-2.1987485013199657e-16,8471387.919595001,8468965.102649998,8471387.919595001,8468965.102649998
8639022.327792004,8640257.707984878,0,2024-12-16 00:00:00,-1.862645149230957e-09,-1.862911507487297e-09,-2.156083267939672e-16,8639022.327792002,8640257.707984876,8639022.327792002,8640257.707984876
8791891.571121003,8795645.708821872,0,2024-12-17 00:00:00,-1.862645149230957e-09,-1.8634404987096786e-09,-2.1185943140486913e-16,8791891.571121002,8795645.70882187,8791891.571121002,8795645.70882187
9012804.696573004,9017941.99525005,0,2024-12-18 00:00:00,-1.862645149230957e-09,-1.8637068569660186e-09,-2.0666653854589824e-16,9012804.696573002,9017941.995250048,9012804.696573002,9017941.995250048
9318612.721800003,9327288.350243999,0,2024-12-19 00:00:00,0.0,0.0,0.0,9318612.721800003,9327288.350243999,9318612.721800003,9327288.350243999
9648059.060437003,9655410.881441055,0,2024-12-20 00:00:00,0.0,0.0,0.0,9648059.060437003,9655410.881441055,9648059.060437003,9655410.881441055
9880969.143168002,9890306.659008296,0,2024-12-21 00:00:00,0.0,0.0,0.0,9880969.143168002,9890306.659008296,9880969.143168002,9890306.659008296
10130626.806621002,10140504.167757457,0,2024-12-22 00:00:00,0.0,0.0,0.0,10130626.806621002,10140504.167757457,10130626.806621002,10140504.167757457
10379826.096660001,10384206.383272791,0,2024-12-23 00:00:00,0.0,0.0,0.0,10379826.096660001,10384206.383272791,10379826.096660001,10384206.383272791
10704633.618923001,10710585.395215122,0,2024-12-24 00:00:00,0.0,0.0,0.0,10704633.618923001,10710585.395215122,10704633.618923001,10710585.395215122
11060330.95845,11062377.119677315,0,2024-12-25 00:00:00,0.0,0.0,0.0,11060330.95845,11062377.119677315,11060330.95845,11062377.119677315
11437354.648318,11444834.678258,0,2024-12-26 00:00:00,0.0,0.0,0.0,11437354.648318,11444834.678258,11437354.648318,11444834.678258
11800315.752921,11812116.06867392,0,2024-12-27 00:00:00,0.0,0.0,0.0,11800315.752921,11812116.06867392,11800315.752921,11812116.06867392
12088833.435989,12104802.78495794,0,2024-12-28 00:00:00,0.0,0.0,0.0,12088833.435989,12104802.78495794,12088833.435989,12104802.78495794
12417435.918014,12440097.738564374,0,2024-12-29 00:00:00,0.0,0.0,0.0,12417435.918014,12440097.738564374,12417435.918014,12440097.738564374
12756774.014353,12766520.189699965,0,2024-12-30 00:00:00,0.0,0.0,0.0,12756774.014353,12766520.189699965,12756774.014353,12766520.189699965
13055545.550088,13068209.429271584,0,2024-12-31 00:00:00,0.0,0.0,0.0,13055545.550088,13068209.429271584,13055545.550088,13068209.429271584
13362333.322066,13375869.365721252,0,2025-01-01 00:00:00,0.0,0.0,0.0,13362333.322066,13375869.365721252,13362333.322066,13375869.365721252
13678991.952864,13684914.956379589,0,2025-01-02 00:00:00,0.0,0.0,0.0,13678991.952864,13684914.956379589,13678991.952864,13684914.956379589
14023779.458678002,14017468.757921597,0,2025-01-03 00:00:00,-1.862645149230957e-09,-1.8618069589138032e-09,-1.3282048214743858e-16,14023779.458678,14017468.757921595,14023779.458678,14017468.757921595
14343087.225935,14347117.633445488,0,2025-01-04 00:00:00,-1.862645149230957e-09,-1.863168552517891e-09,-1.2986361442904315e-16,14343087.225934999,14347117.633445486,14343087.225934999,14347117.633445486
14685751.642430002,14683842.494716486,0,2025-01-05 00:00:00,-1.862645149230957e-09,-1.862403005361557e-09,-1.2683349103149832e-16,14685751.64243,14683842.494716484,14685751.64243,14683842.494716484
15046940.783992002,15051199.068233872,0,2025-01-06 00:00:00,-1.862645149230957e-09,-1.8631722778081895e-09,-1.2378895989359982e-16,15046940.783992,15051199.06823387,15046940.783992,15051199.06823387
15408704.779086001,15415438.383074462,0,2025-01-07 00:00:00,-1.862645149230957e-09,-1.863459125161171e-09,-1.2088265535199927e-16,15408704.779086,15415438.38307446,15408704.779086,15415438.38307446
15740473.043700002,15747131.263797488,0,2025-01-08 00:00:00,500000.9999999963,500212.5004229963,0.03078734023739637,16240474.043699998,16247343.764220484,16240474.043699998,16247343.764220484
16090148.319077002,16102666.454469243,0,2025-01-09 00:00:00,1040999.952584995,1041809.850548106,0.060766501817452384,17131148.271661997,17144476.30501735,17131148.271661997,17144476.30501735
16799493.510978002,16807422.871915184,0,2025-01-10 00:00:00,1020812.7629499957,1021294.5865741081,0.05728368229245846,17820306.273927998,17828717.45848929,17820306.273927998,17828717.45848929
17503284.851929,17519352.867423072,0,2025-01-11 00:00:00,1092321.7629499957,1093324.5143283838,0.0587408512974237,18595606.614878997,18612677.381751455,18595606.614878997,18612677.381751455
17839577.82477,17852190.40629211,0,2025-01-12 00:00:00,1092321.7629499957,1093094.0344364014,0.05769742005490671,18931899.587719996,18945284.440728515,18931899.587719996,18945284.440728515
18195958.572564,18203837.422625918,0,2025-01-13 00:00:00,4109418.9657269977,4111198.3441391573,0.18423445013080264,22305377.538290996,22315035.766765073,22305377.538290996,22315035.766765073
18498019.790418,18500628.01120845,0,2025-01-14 00:00:00,7666747.061290998,7667828.07262664,0.293017977371743,26164766.851708997,26168456.083835088,26164766.851708997,26168456.083835088
18809960.104126997,18808003.868276168,0,2025-01-15 00:00:00,7502788.091559999,7502007.801598476,0.2851389005725295,26312748.195686996,26310011.669874646,26312748.195686996,26310011.669874646
19123796.995835997,19125059.16643772,0,2025-01-16 00:00:00,9278217.845959,9278830.208336832,0.32667463550176146,28402014.841794997,28403889.374774553,28402014.841794997,28403889.374774553
19396202.406221997,19394805.87964875,0,2025-01-17 00:00:00,8798979.185136002,8798345.658634672,0.3120738611533874,28195181.591358,28193151.538283423,28195181.591358,28193151.538283423
19754409.878840998,19760276.938575014,0,2025-01-18 00:00:00,9450563.037642002,9453369.854864182,0.323594309252319,29204972.916483,29213646.793439195,29204972.916483,29213646.793439195
20127762.84452,20165804.31629614,0,2025-01-19 00:00:00,11323398.34338,11344799.566248989,0.36003116946080765,31451161.1879,31510603.88254513,31451161.1879,31510603.88254513
20465216.682547,20479931.173341747,0,2025-01-20 00:00:00,11313917.762140002,11322052.469010979,0.3560171779326583,31779134.444687,31801983.64235273,31779134.444687,31801983.64235273
20749219.023201,20760423.60147353,0,2025-01-21 00:00:00,11608906.685851004,11615175.495461363,0.35876326058661295,32358125.709052004,32375599.096934892,32358125.709052004,32375599.096934892
21024968.470851,21031717.485730145,0,2025-01-22 00:00:00,12895423.351372,12899562.78226779,0.38016728754069234,33920391.822223,33931280.267997935,33920391.822223,33931280.267997935
21304427.355408,21316805.227701493,0,2025-01-23 00:00:00,10223098.500959005,10229038.121188061,0.3242594597347525,31527525.856367007,31545843.348889556,31527525.856367007,31545843.348889556
21582182.412745003,21592174.963202104,0,2025-01-24 00:00:00,12265434.23068,12271113.126728807,0.3623721681763551,33847616.643425,33863288.089930914,33847616.643425,33863288.089930914
21842556.250490002,21858304.733546603,0,2025-01-25 00:00:00,14604450.384761997,14614980.19348941,0.4007036992342847,36447006.635252,36473284.92703602,36447006.635252,36473284.92703602
22114431.601730004,22131636.629516147,0,2025-01-26 00:00:00,14065547.836851992,14076490.833069062,0.38876605390915786,36179979.438581996,36208127.46258521,36179979.438581996,36208127.46258521
22370192.339556005,22379699.671300314,0,2025-01-27 00:00:00,15163601.579151992,15170046.10982313,0.40399863685493265,37533793.918708,37549745.781123444,37533793.918708,37549745.781123444
22624690.253269006,22641975.516622502,0,2025-01-28 00:00:00,16561974.604846995,16574627.953445097,0.42264312782966584,39186664.858116,39216603.4700676,39186664.858116,39216603.4700676
22879923.638925005,22890562.803417105,0,2025-01-29 00:00:00,15755508.543845993,15762834.85531888,0.40779946421492264,38635432.182771,38653397.65873598,38635432.182771,38653397.65873598
23156423.887953006,23159063.720276233,0,2025-01-30 00:00:00,17345126.14235299,17347103.486733217,0.42825832911022405,40501550.030306,40506167.20700945,40501550.030306,40506167.20700945
23452857.063048005,23465357.43586261,0,2025-01-31 00:00:00,18473035.078680992,18482881.206377927,0.4406116157584328,41925892.141729,41948238.64224053,41925892.141729,41948238.64224053
23769183.960605007,23801105.974664103,0,2025-02-01 00:00:00,17329057.958930988,17352330.883769833,0.4216496168585168,41098241.919535995,41153436.85843393,41098241.919535995,41153436.85843393
24076446.133548006,24099415.06315941,0,2025-02-02 00:00:00,15215308.351511985,15229823.755679326,0.38723921980367004,39291754.48505999,39329238.81883874,39291754.48505999,39329238.81883874
24522818.707654007,24531230.034470733,0,2025-02-03 00:00:00,15271655.357652985,15276893.53544066,0.3837632162845164,39794474.06530699,39808123.56991139,39794474.06530699,39808123.56991139
24784655.562723007,24799526.35606064,0,2025-02-04 00:00:00,14077009.536673982,14085455.742395986,0.3622338235036772,38861665.09939699,38884982.09845662,38861665.09939699,38884982.09845662
25086632.405725006,25104895.474116374,0,2025-02-05 00:00:00,14079129.712446984,14089379.318877647,0.3594754436277036,39165762.11817199,39194274.79299402,39165762.11817199,39194274.79299402
25362894.852689005,25382094.564092487,0,2025-02-06 00:00:00,16233517.419841982,16245806.192528801,0.390262441709717,41596412.27253099,41627900.756621286,41596412.27253099,41627900.756621286
25601988.972697005,25616070.066631988,0,2025-02-07 00:00:00,14845517.035699986,14853682.070069622,0.36703170357692816,40447506.00839699,40469752.13670161,40447506.00839699,40469752.13670161
25860038.175329003,25880519.325563863,0,2025-02-08 00:00:00,14844177.853189986,14855934.442049712,0.36468403771220076,40704216.02851899,40736453.767613575,40704216.02851899,40736453.767613575
26093140.381879,26110440.13395219,0,2025-02-09 00:00:00,14842834.288776986,14852675.087910447,0.36258656128729555,40935974.67065599,40963115.22186264,40935974.67065599,40963115.22186264
26341813.363443002,26363123.890454028,0,2025-02-10 00:00:00,12866774.087448984,12877183.307685731,0.32816214314184045,39208587.45089199,39240307.19813976,39208587.45089199,39240307.19813976
26578295.758374,26594109.84435023,0,2025-02-11 00:00:00,14145733.477723982,14154150.189143227,0.34735594053608854,40724029.236097984,40748260.03349346,40724029.236097984,40748260.03349346
26799449.636113003,26805747.506777488,0,2025-02-12 00:00:00,13145019.658189982,13148108.737809656,0.32908234582715484,39944469.294302985,39953856.244587146,39944469.294302985,39953856.244587146
27031760.611365,27046438.85737697,0,2025-02-13 00:00:00,17200138.844252978,17209478.519645408,0.38886276772969003,44231899.45561798,44255917.37702238,44231899.45561798,44255917.37702238
27261856.70049,27273415.727731008,0,2025-02-14 00:00:00,14842942.33966798,14849235.747219998,0.35252376636476374,42104799.04015798,42122651.47495101,42104799.04015798,42122651.47495101
27476657.450488,27493665.50144985,0,2025-02-15 00:00:00,16842325.09808798,16852750.497323696,0.38002508472814983,44318982.54857598,44346415.998773545,44318982.54857598,44346415.998773545
27694777.477082003,27726626.471180648,0,2025-02-16 00:00:00,16841299.29715998,16860666.791351713,0.37814959280159055,44536076.774241984,44587293.26253236,44536076.774241984,44587293.26253236
27911238.253344003,27930971.498789117,0,2025-02-17 00:00:00,16840304.52551898,16852210.62081852,0.376306680838565,44751542.77886298,44783182.11960764,44751542.77886298,44783182.11960764
28122505.665588003,28143541.299825862,0,2025-02-18 00:00:00,16849484.670858983,16862088.085392784,0.3746661987784768,44971990.336446986,45005629.38521865,44971990.336446986,45005629.38521865
28335208.169567004,28342688.66452377,0,2025-02-19 00:00:00,16923531.71033798,16927999.52270951,0.3739284777977674,45258739.879904985,45270688.187233284,45258739.879904985,45270688.187233284
28544190.621445004,28545503.65421359,0,2025-02-20 00:00:00,20017822.81598698,20018743.635836516,0.41221154970804985,48562013.43743198,48564247.290050104,48562013.43743198,48564247.290050104
28769658.111272004,28795349.41596537,0,2025-02-21 00:00:00,19939216.91258398,19957022.63328692,0.4093549050931358,48708875.023855984,48752372.04925229,48708875.023855984,48752372.04925229
28980304.843287002,28997750.98680266,0,2025-02-22 00:00:00,14901068.47035798,14910038.913577136,0.3395761651270944,43881373.31364498,43907789.9003798,43881373.31364498,43907789.9003798
29167955.865316004,29188869.289671436,0,2025-02-23 00:00:00,15698275.64767398,15709531.311313363,0.34989066650558576,44866231.51298998,44898400.6009848,44866231.51298998,44898400.6009848
29446633.780522004,29484119.34532461,0,2025-02-24 00:00:00,11473216.43241898,11487821.83693745,0.2803826595824281,40919850.21294098,40971941.18226206,40919850.21294098,40971941.18226206
29825246.643135004,29850091.073588736,0,2025-02-25 00:00:00,9671654.33281798,9679710.820877217,0.24487122011689985,39496900.97595298,39529801.89446595,39496900.97595298,39529801.89446595
30251268.807801004,30282367.112135425,0,2025-02-26 00:00:00,8364911.50204898,8373510.631073087,0.2166167506710991,38616180.309849985,38655877.74320851,38616180.309849985,38655877.74320851
30546014.830903005,30568832.70398169,0,2025-02-27 00:00:00,7099293.996149983,7104597.168765108,0.18858376295343948,37645308.82705299,37673429.872746795,37645308.82705299,37673429.872746795
30733130.108902004,30744655.032692842,0,2025-02-28 00:00:00,12268401.373686988,12273002.024202121,0.2853014985909135,43001531.48258899,43017657.056894965,43001531.48258899,43017657.056894965
30932125.486806005,30969367.76589212,0,2025-03-01 00:00:00,10709803.523122989,10722698.126564829,0.25718797802497023,41641929.009928994,41692065.89245695,41641929.009928994,41692065.89245695
31120694.478355005,31127229.82419546,0,2025-03-02 00:00:00,10694819.465249985,10697065.377337689,0.25576199971316116,41815513.94360499,41824295.201533146,41815513.94360499,41824295.201533146
31301166.085738007,31314343.8766601,0,2025-03-03 00:00:00,10694129.110097986,10698631.338453338,0.25465064741724575,41995295.19583599,42012975.21511344,41995295.19583599,42012975.21511344
31479486.027103007,31490976.039502896,0,2025-03-04 00:00:00,10693514.058206983,10697417.190838227,0.25356303882995096,42173000.08530999,42188393.23034113,42173000.08530999,42188393.23034113
31647730.41854701,31657161.442211732,0,2025-03-05 00:00:00,10726859.32448798,10730055.928566677,0.2531436738275709,42374589.74303499,42387217.37077841,42374589.74303499,42387217.37077841
31811666.802479006,31821496.607520968,0,2025-03-06 00:00:00,11026271.97014498,11029679.088183753,0.2573950168020556,42837938.772623986,42851175.69570472,42837938.772623986,42851175.69570472
31973340.393966008,31987568.530441325,0,2025-03-07 00:00:00,12204702.936491977,12210134.029298717,0.2762617358401114,44178043.330457985,44197702.559740044,44178043.330457985,44197702.559740044
32143439.63453401,32190626.203917507,0,2025-03-08 00:00:00,12122807.12571998,12140603.406580538,0.2738611925103366,44266246.76025399,44331229.61049804,44266246.76025399,44331229.61049804
32309735.960770007,32333192.829077527,0,2025-03-09 00:00:00,11072872.278033983,11080911.183307836,0.25523758776978617,43382608.23880399,43414104.01238536,43382608.23880399,43414104.01238536
32462090.144818008,32487345.650950674,0,2025-03-10 00:00:00,9571631.27679798,9579078.005931329,0.22771315394110536,42033721.42161599,42066423.656882,42033721.42161599,42066423.656882
32617588.554465007,32649749.496779706,0,2025-03-11 00:00:00,8912084.065608982,8920871.380497672,0.21459557717055522,41529672.62007399,41570620.87727738,41529672.62007399,41570620.87727738
32763130.719187006,32789996.48637674,0,2025-03-12 00:00:00,6974849.256030984,6980568.63242093,0.17552098170014546,39737979.97521799,39770565.11879767,39737979.97521799,39770565.11879767
32914457.527829006,32943323.507080913,0,2025-03-13 00:00:00,6972849.256030984,6978964.444828523,0.17481373946391587,39887306.78385999,39922287.95190944,39887306.78385999,39922287.95190944
33061601.784540005,33098895.271352965,0,2025-03-14 00:00:00,6980847.051544987,6988721.44701913,0.17433616710409747,40042448.83608499,40087616.7183721,40042448.83608499,40087616.7183721
33205202.620962005,33235718.202170666,0,2025-03-15 00:00:00,6980847.051544983,6987262.449985352,0.17371319421627257,40186049.67250699,40222980.65215602,40186049.67250699,40222980.65215602
33359116.175387006,33391974.904819764,0,2025-03-16 00:00:00,6969188.782551985,6976053.433502799,0.17281134899720196,40328304.95793899,40368028.338322565,40328304.95793899,40368028.338322565
33501436.607974008,33529410.307541665,0,2025-03-17 00:00:00,6947804.760276981,6953606.177251811,0.17176600908343317,40449241.36825099,40483016.48479348,40449241.36825099,40483016.48479348
33622826.157863006,33652716.850317344,0,2025-03-18 00:00:00,6947801.206560984,6953977.801833617,0.17125200318330416,40570627.36442399,40606694.65215096,40570627.36442399,40606694.65215096
33761306.764722005,33769477.00095907,0,2025-03-19 00:00:00,6733970.850864984,6735600.471810894,0.16629027499920188,40495277.61558699,40505077.47276996,40495277.61558699,40505077.47276996
33920708.24989001,33942892.393085435,0,2025-03-20 00:00:00,6709071.830163978,6713459.5631409045,0.1651269540948759,40629780.080053985,40656351.956226334,40629780.080053985,40656351.956226334
34141991.37428301,34178830.582975864,0,2025-03-21 00:00:00,6620040.848164976,6627183.872240146,0.16240703633317047,40762032.222447984,40806014.455216005,40762032.222447984,40806014.455216005
34279814.55661101,34347448.6307312,0,2025-03-22 00:00:00,6519624.1612489745,6532487.379719119,0.15979690814704772,40799438.71785998,40879936.01045032,40799438.71785998,40879936.01045032
34441130.943550006,34463930.97223464,0,2025-03-23 00:00:00,7512504.365226977,7517477.643116756,0.17906682722332073,41953635.30877698,41981408.61535139,41953635.30877698,41981408.61535139
34571234.945649005,34573482.07592047,0,2025-03-24 00:00:00,6400420.895410977,6400836.922769179,0.15621582198776449,40971655.84105998,40974318.99868965,40971655.84105998,40974318.99868965
34694955.574921004,34714211.27526509,0,2025-03-25 00:00:00,6450421.906520978,6454001.890679098,0.15677148446214512,41145377.48144198,41168213.16594419,41145377.48144198,41168213.16594419
34809642.192988,34831398.21935862,0,2025-03-26 00:00:00,6450076.3562619835,6454107.653984648,0.1563286562064838,41259718.549249984,41285505.87334327,41259718.549249984,41285505.87334327
34922687.03859,34947586.914448515,0,2025-03-27 00:00:00,6445073.773511983,6449669.111112497,0.15579943528455378,41367760.81210198,41397256.02556101,41367760.81210198,41397256.02556101
35039525.791404,35076492.49111393,0,2025-03-28 00:00:00,6395055.7320479825,6401802.515845293,0.1543410237757169,41434581.523451984,41478295.00695923,41434581.523451984,41478295.00695923
35140974.777091004,35185709.23798224,0,2025-03-29 00:00:00,6395055.7320479825,6403196.63799488,0.15396405611366515,41536030.50913899,41588905.87597712,41536030.50913899,41588905.87597712
35238606.153146006,35279976.2767698,0,2025-03-30 00:00:00,6395055.7320479825,6402563.527477407,0.1536030087788706,41633661.88519399,41682539.80424721,41633661.88519399,41682539.80424721
35326904.17537401,35355236.35252266,0,2025-03-31 00:00:00,6395055.7320479825,6400184.566745085,0.15327793196288353,41721959.90742199,41755420.919267744,41721959.90742199,41755420.919267744
35424348.160238005,35436852.95513857,0,2025-04-01 00:00:00,6395055.7320479825,6397313.186721396,0.15292077688433084,41819403.89228599,41834166.14185996,41819403.89228599,41834166.14185996
35532377.159541,35541473.44809385,0,2025-04-02 00:00:00,6892834.978059985,6894599.543814369,0.16247025367142343,42425212.13760099,42436072.991908215,42425212.13760099,42436072.991908215
35640368.090894006,35670626.76340318,0,2025-04-03 00:00:00,6893319.774389982,6899172.20287844,0.162067295839078,42533687.86528399,42569798.966281615,42533687.86528399,42569798.966281615
35746771.54579601,35761141.747957416,0,2025-04-04 00:00:00,6393196.666215979,6395766.731275798,0.15171337182911304,42139968.212011985,42156908.47923321,42139968.212011985,42156908.47923321
35860330.895205006,35900960.650109276,0,2025-04-05 00:00:00,6393196.666215979,6400440.1580388015,0.15130563139190303,42253527.561420985,42301400.80814808,42253527.561420985,42301400.80814808
35971336.21465701,36003962.216603704,0,2025-04-06 00:00:00,6957361.502490975,6963671.829373734,0.1620678444133617,42928697.71714798,42967634.045977436,42928697.71714798,42967634.045977436
36087163.80062901,36103547.3729945,0,2025-04-07 00:00:00,6303460.023730971,6306321.794581745,0.1486993928149898,42390623.82435998,42409869.16757624,42390623.82435998,42409869.16757624
36179983.371482015,36196119.64406569,0,2025-04-08 00:00:00,6183398.324833967,6186156.1204868425,0.14596092373267003,42363381.69631598,42382275.76455253,42363381.69631598,42382275.76455253
36280036.269635014,36293750.123344935,0,2025-04-09 00:00:00,6183398.324833967,6185735.649400754,0.1456170087013964,42463434.59446898,42479485.77274569,42463434.59446898,42479485.77274569
36391214.862337016,36415669.7587245,0,2025-04-10 00:00:00,6183396.301236965,6187551.543551396,0.14523670639010697,42574611.16357398,42603221.3022759,42574611.16357398,42603221.3022759
36545272.59885401,36565628.31569157,0,2025-04-11 00:00:00,6177432.24906297,6180873.078825698,0.14459365976600055,42722704.84791698,42746501.39451727,42722704.84791698,42746501.39451727
36656099.11291001,36675196.94054784,0,2025-04-12 00:00:00,6177430.013748974,6180648.454786137,0.14421949672842224,42833529.12665898,42855845.395333976,42833529.12665898,42855845.395333976
36777732.76563801,36797666.296796985,0,2025-04-13 00:00:00,6126701.339088976,6130022.011214763,0.14279879147535401,42904434.104726985,42927688.30801175,42904434.104726985,42927688.30801175
36899143.33189301,36921983.90161545,0,2025-04-14 00:00:00,6664418.384990975,6668543.659971284,0.15298148549704185,43563561.71688399,43590527.56158674,43563561.71688399,43590527.56158674
37001947.695455015,37030920.22050056,0,2025-04-15 00:00:00,6695235.476886973,6700477.846265375,0.15321892604566564,43697183.17234199,43731398.06676593,43697183.17234199,43731398.06676593
37095455.54094802,37110367.91407548,0,2025-04-16 00:00:00,6004286.59209197,6006700.315301991,0.13931142728320692,43099742.13303999,43117068.22937747,43099742.13303999,43117068.22937747
37197281.99131402,37215917.82959167,0,2025-04-17 00:00:00,5999286.59209197,6002292.234674608,0.13888340645642402,43196568.58340599,43218210.06426628,43196568.58340599,43218210.06426628
37305813.72260602,37334054.223594025,0,2025-04-18 00:00:00,5999286.59209197,6003828.0520421835,0.1385353352952696,43305100.31469799,43337882.27563621,43305100.31469799,43337882.27563621
37405464.897615016,37422970.65518709,0,2025-04-19 00:00:00,5999286.59209197,6002094.258217068,0.13821727774468753,43404751.489706986,43425064.91340417,43404751.489706986,43425064.91340417
37509282.310911015,37521210.26268589,0,2025-04-20 00:00:00,5608980.615229972,5610764.271065615,0.13008364054084973,43118262.92614099,43131974.5337515,43118262.92614099,43131974.5337515
37617173.38360901,37625900.56783401,0,2025-04-21 00:00:00,5608567.059956975,5609868.247514885,0.12975063012001667,43225740.44356599,43235768.81534889,43225740.44356599,43235768.81534889
37730005.80268201,37714762.88033773,0,2025-04-22 00:00:00,5608567.059956975,5606301.198864752,0.12941282302334348,43338572.86263899,43321064.07920248,43338572.86263899,43321064.07920248
37832781.49970901,37839780.56428646,0,2025-04-23 00:00:00,5588567.059956975,5589600.944863068,0.12870551572753744,43421348.559665985,43429381.50914953,43421348.559665985,43429381.50914953
37933071.88203401,37937623.850659855,0,2025-04-24 00:00:00,5347434.526081972,5348076.218225101,0.12355295651252403,43280506.40811598,43285700.068884954,43280506.40811598,43285700.068884954
38038611.97761601,38047208.70392296,0,2025-04-25 00:00:00,5347174.15334297,5348382.614701626,0.12324714221387276,43385786.13095898,43395591.31862458,43385786.13095898,43395591.31862458
38137594.38671101,38149226.35299896,0,2025-04-26 00:00:00,5338778.304315969,5340406.631698785,0.12279723385060207,43476372.69102698,43489632.984697744,43476372.69102698,43489632.984697744
38236846.53303401,38242811.48109317,0,2025-04-27 00:00:00,5338778.304315969,5339611.153731443,0.12251753874427387,43575624.83734998,43582422.63482461,43575624.83734998,43582422.63482461
38348024.89130201,38357726.94159951,0,2025-04-28 00:00:00,5338778.304315969,5340129.015226962,0.12220574438487358,43686803.19561798,43697855.95682648,43686803.19561798,43697855.95682648
38453410.87914001,38483981.34078893,0,2025-04-29 00:00:00,5338778.304315969,5343022.633067901,0.12191165602501731,43792189.18345598,43827003.97385684,43792189.18345598,43827003.97385684
38555258.851948015,38580165.549166374,0,2025-04-30 00:00:00,5268291.6830569655,5271694.99948422,0.120215993883216,43823550.53500498,43851860.54865059,43823550.53500498,43851860.54865059
38656607.654188015,38664107.036072925,0,2025-05-01 00:00:00,5268276.558517963,5269298.604170315,0.11993831407742286,43924884.21270598,43933405.64024325,43924884.21270598,43933405.64024325
38751981.23036201,38767327.01492924,0,2025-05-02 00:00:00,5146366.1688759625,5148404.129878838,0.11723371092018142,43898347.399237975,43915731.14480808,43898347.399237975,43915731.14480808
38849967.531971015,38876812.859535605,0,2025-05-03 00:00:00,5141285.842434958,5144838.470952081,0.11687063786698444,43991253.37440597,44021651.33048768,43991253.37440597,44021651.33048768
38953668.126708016,39015604.45902948,0,2025-05-04 00:00:00,5141285.842434958,5149460.486924429,0.11659578658439596,44094953.96914297,44165064.94595391,44094953.96914297,44165064.94595391
39044611.28783802,39073855.70169261,0,2025-05-05 00:00:00,5141285.842434958,5145136.665530942,0.11635580980232085,44185897.13027298,44218992.36722355,44185897.13027298,44218992.36722355
39126530.99844402,39152784.90074398,0,2025-05-06 00:00:00,5141265.466851957,5144715.255980215,0.11614008099279315,44267796.46529598,44297500.15672419,44267796.46529598,44297500.15672419
39214401.09375002,39220714.61232612,0,2025-05-07 00:00:00,5141265.466851957,5142093.210592121,0.11591000351279991,44355666.56060198,44362807.822918236,44355666.56060198,44362807.822918236
39307275.63217902,39307825.93403787,0,2025-05-08 00:00:00,5141265.466851957,5141337.4445684925,0.11566781135509624,44448541.09903098,44449163.378606364,44448541.09903098,44449163.378606364
39426602.036746025,39424551.85344011,0,2025-05-09 00:00:00,5141265.466851957,5140998.12104768,0.11535812132893504,44567867.50359798,44565549.9744878,44567867.50359798,44565549.9744878
39526578.741768025,39492269.67142017,0,2025-05-10 00:00:00,5132049.199138954,5127594.580434102,0.11491730569801126,44658627.94090698,44619864.25185427,44658627.94090698,44619864.25185427
39633711.71187002,39641162.849671856,0,2025-05-11 00:00:00,5132049.199138954,5133014.024388392,0.11464228675440341,44765760.91100898,44774176.87406025,44765760.91100898,44774176.87406025
39754966.58031702,39750315.24922712,0,2025-05-12 00:00:00,5129019.050501958,5128418.955273049,0.1142728075151193,44883985.63081898,44878734.20450017,44883985.63081898,44878734.20450017
39868805.98669502,39854931.64221165,0,2025-05-13 00:00:00,5129008.849390954,5127223.954311365,0.11398350937872094,44997814.836085975,44982155.59652302,44997814.836085975,44982155.59652302
39999044.96499102,40009884.70617653,0,2025-05-14 00:00:00,5119308.849390954,5120696.182089138,0.11346399894047371,45118353.81438197,45130580.88826566,45118353.81438197,45130580.88826566
40126667.16327402,40142838.21014082,0,2025-05-15 00:00:00,5119309.36011295,5121372.441785076,0.11314396888896532,45245976.52338697,45264210.65192589,45245976.52338697,45264210.65192589
40256940.51443902,40270466.84645186,0,2025-05-16 00:00:00,5119309.36011295,5121029.448057948,0.11281913719767254,45376249.87455197,45391496.29450981,45376249.87455197,45391496.29450981
40373304.81994402,40386829.8770587,0,2025-05-17 00:00:00,5119309.36011295,5121024.3287485875,0.11253056023228383,45492614.18005697,45507854.20580728,45492614.18005697,45507854.20580728
40490509.40675601,40523995.058035396,0,2025-05-18 00:00:00,5445422.087468952,5449925.451535288,0.1185438481454011,45935931.494224966,45973920.50957069,45935931.494224966,45973920.50957069
40626513.56721801,40641789.13631929,0,2025-05-19 00:00:00,6733923.623850949,6736455.579133516,0.14218457478937305,47360437.19106896,47378244.7154528,47360437.19106896,47378244.7154528
40750192.50745802,40754145.27613124,0,2025-05-20 00:00:00,7533708.927590944,7534439.697356921,0.15602941567854073,48283901.43504896,48288584.97348816,48283901.43504896,48288584.97348816
40884340.23471202,40893457.442584366,0,2025-05-21 00:00:00,16533708.927589938,16537395.944680791,0.2879531640104068,57418049.16230196,57430853.38726515,57418049.16230196,57430853.38726515
41027941.99568602,41027449.66038207,0,2025-05-22 00:00:00,16533629.659351937,16533431.255796025,0.28723381214183485,57561571.655037954,57560880.91617809,57561571.655037954,57560880.91617809
41229197.797619015,41253275.64913282,0,2025-05-23 00:00:00,14132225.878801942,14140479.098715162,0.2552720818995306,55361423.67642096,55393754.74784798,55361423.67642096,55393754.74784798
41370832.167466015,41394909.991787486,0,2025-05-24 00:00:00,12231999.777916946,12239118.801787695,0.22819689434282847,53602831.94538296,53634028.793575175,53602831.94538296,53634028.793575175
41517832.17864302,41525429.94193171,0,2025-05-25 00:00:00,12231999.777916946,12234238.233876305,0.2275728003727103,53749831.95655996,53759668.17580802,53749831.95655996,53759668.17580802
41637724.97447002,41654421.70218479,0,2025-05-26 00:00:00,12231999.777916946,12236904.809827892,0.22706631292700166,53869724.752386965,53891326.512012675,53869724.752386965,53891326.512012675
41759483.03761802,41757770.89881348,0,2025-05-27 00:00:00,12231999.777916946,12231498.265926052,0.22655424781920294,53991482.815534964,53989269.16473953,53991482.815534964,53989269.16473953
41884406.511555016,41899778.08874476,0,2025-05-28 00:00:00,5767274.13997595,5769390.729585322,0.12102981597125803,47651680.651530966,47669168.81833008,47651680.651530966,47669168.81833008
42010703.064861014,42020323.51586287,0,2025-05-29 00:00:00,5695767.564094953,5697071.8948671315,0.11939192920798136,47706470.62895597,47717395.41073,47706470.62895597,47717395.41073
42141706.490158014,42176641.964838356,0,2025-05-30 00:00:00,5695767.564094953,5700489.355405588,0.11906497315546646,47837474.05425297,47877131.32024394,47837474.05425297,47877131.32024394
42264249.19618802,42298779.0877813,0,2025-05-31 00:00:00,5695619.789236948,5700273.110604755,0.11875803478462067,47959868.985424966,47999052.19838606,47959868.985424966,47999052.19838606
42388239.40809502,42405449.0332947,0,2025-06-01 00:00:00,5735229.431194946,5737557.93434401,0.11917739035704074,48123468.83928996,48143006.96763871,48123468.83928996,48143006.96763871
42516263.930270016,42532717.724411026,0,2025-06-02 00:00:00,5735229.431194946,5737448.964984818,0.1188611798650623,48251493.36146496,48270166.689395845,48251493.36146496,48270166.689395845
42637935.67067502,42653583.79306615,0,2025-06-03 00:00:00,5695596.434480943,5697686.718372397,0.11783944161352461,48333532.10515596,48351270.51143855,48333532.10515596,48351270.51143855
42791490.992532015,42796839.928906076,0,2025-06-04 00:00:00,5695596.43448095,5696308.38403526,0.11746625208318531,48487087.427012965,48493148.312941335,48487087.427012965,48493148.312941335
42970388.685984015,43001370.33622661,0,2025-06-05 00:00:00,6276774.39846395,6281299.952805242,0.12745453758830075,49247163.084447965,49282670.28903185,49247163.084447965,49282670.28903185
43133631.48324701,43160503.735661075,0,2025-06-06 00:00:00,6731632.575712949,6735826.382807619,0.13499642893204306,49865264.05895996,49896330.118468694,49865264.05895996,49896330.118468694
43280343.43415401,43306917.56502258,0,2025-06-07 00:00:00,6731632.575712949,6735765.798114436,0.13460041199701553,50011976.00986696,50042683.363137014,50011976.00986696,50042683.363137014
43437670.25578101,43462212.53947552,0,2025-06-08 00:00:00,7206613.474199951,7210685.210812873,0.14229865531563832,50644283.72998096,50672897.7502884,50644283.72998096,50672897.7502884
43613157.56189301,43601163.94356348,0,2025-06-09 00:00:00,7202552.559490949,7200571.857537089,0.1417386973887828,50815710.12138396,50801735.801100574,50815710.12138396,50801735.801100574
43745761.070190005,43742130.17202118,0,2025-06-10 00:00:00,7202552.559490949,7201954.747628511,0.14136979315631282,50948313.629680954,50944084.91964969,50948313.629680954,50944084.91964969
43889901.400245,43900303.30687686,0,2025-06-11 00:00:00,7202552.559490949,7204259.564447548,0.14097096540258197,51092453.95973595,51104562.87132441,51092453.95973595,51104562.87132441
44056949.08789001,44068139.55295833,0,2025-06-12 00:00:00,7101996.450996943,7103800.358095496,0.13882218204827093,51158945.53888695,51171939.91105383,51158945.53888695,51171939.91105383
44190140.522645004,44212235.592906326,0,2025-06-13 00:00:00,6991996.450996943,6995492.449222441,0.1366100922006777,51182136.97364195,51207728.042128764,51182136.97364195,51207728.042128764
44326407.585199006,44357879.3345845,0,2025-06-14 00:00:00,6991996.450996943,6996960.76847715,0.13624734795075352,51318404.03619595,51354840.103061646,51318404.03619595,51354840.103061646
44460656.209787,44493690.477350876,0,2025-06-15 00:00:00,6991996.450996943,6997191.504360033,0.13589185570457643,51452652.66078395,51490881.9817109,51452652.66078395,51490881.9817109
44601311.552032,44637661.62094691,0,2025-06-16 00:00:00,6991996.450996943,6997694.928104505,0.13552138293955596,51593308.003028944,51635356.54905141,51593308.003028944,51635356.54905141
44744156.757271,44769034.508428045,0,2025-06-17 00:00:00,6991996.450996943,6995884.001023697,0.13514720398422575,51736153.20826794,51764918.50945174,51736153.20826794,51764918.50945174
44880665.970361,44913294.21452145,0,2025-06-18 00:00:00,6991996.450996943,6997079.632416817,0.13479154769811993,51872662.421357945,51910373.84693827,51872662.421357945,51910373.84693827
45014728.776866004,45042097.73196234,0,2025-06-19 00:00:00,7492050.118676938,7496605.285149094,0.14268729250334766,52506778.89554294,52538703.01711143,52506778.89554294,52538703.01711143
45147680.659446,45181767.15834389,0,2025-06-20 00:00:00,7958516.09758994,7964524.777243621,0.14986040393742808,53106196.75703594,53146291.9355875,53106196.75703594,53146291.9355875
45276403.425156005,45325754.704889424,0,2025-06-21 00:00:00,7658516.09758994,7666863.880136313,0.1446779586450321,52934919.522745945,52992618.58502574,52934919.522745945,52992618.58502574
45406360.431233004,45427610.60791482,0,2025-06-22 00:00:00,7658617.8807979375,7662202.11396615,0.14432528052238117,53064978.31203094,53089812.721880965,53064978.31203094,53089812.721880965
45533982.681179,45543635.88550742,0,2025-06-23 00:00:00,6195522.334218942,6196835.784953796,0.11976767093315055,51729505.01539794,51740471.670461215,51729505.01539794,51740471.670461215
45660476.894226,45680202.2202443,0,2025-06-24 00:00:00,6145331.894935943,6147986.678314555,0.11862244868999285,51805808.78916194,51828188.89855886,51805808.78916194,51828188.89855886
45784439.587818,45791765.09815204,0,2025-06-25 00:00:00,6044093.543466948,6045060.5984339025,0.11661710602838937,51828533.131284945,51836825.696585946,51828533.131284945,51836825.696585946
45907482.698888995,45945448.18708097,0,2025-06-26 00:00:00,6044155.941410951,6049154.4583744975,0.11634196917751072,51951638.640299946,51994602.64545547,51951638.640299946,51994602.64545547
46028967.21301899,46047562.91577306,0,2025-06-27 00:00:00,6043756.641981952,6046198.319665313,0.11606376994625994,52072723.85500094,52093761.23543837,52072723.85500094,52093761.23543837
46147495.904388994,46153541.226352476,0,2025-06-28 00:00:00,5743756.628188945,5744509.060307238,0.11068834047863746,51891252.53257794,51898050.28665971,51891252.53257794,51898050.28665971
46265452.09345199,46250045.69790487,0,2025-06-29 00:00:00,5143756.622889951,5142043.751934528,0.10005516037547676,51409208.71634194,51392089.4498394,51409208.71634194,51392089.4498394
46387941.17554699,46412526.78437003,0,2025-06-30 00:00:00,4543976.195555955,4546384.5029396,0.08921667257188426,50931917.371102944,50958911.287309624,50931917.371102944,50958911.287309624
46525839.29727799,46560082.31500079,0,2025-07-01 00:00:00,4543991.397024959,4547335.77469317,0.08897604192629252,51069830.69430295,51107418.089693956,51069830.69430295,51107418.089693956
46645693.12664299,46645973.00080174,0,2025-07-02 00:00:00,4118563.7135689557,4118588.4249512367,0.08113117319008034,50764256.84021194,50764561.42575298,50764256.84021194,50764561.42575298
46766946.472873986,46764748.42638976,0,2025-07-03 00:00:00,4118921.9939419553,4118728.40460824,0.08094431947502313,50885868.46681594,50883476.830997996,50885868.46681594,50883476.830997996
46887274.919669986,46916767.01559446,0,2025-07-04 00:00:00,4118931.5756309554,4121522.3835920272,0.08075353684674474,51006206.49530094,51038289.399186485,51006206.49530094,51038289.399186485
47006060.68972398,47030879.88976816,0,2025-07-05 00:00:00,4319343.51997596,4321624.133354508,0.0841560546182635,51325404.20969994,51352504.02312267,51325404.20969994,51352504.02312267
47126331.99914898,47129677.96872091,0,2025-07-06 00:00:00,4118538.089400962,4118830.5056053093,0.08036976349601871,51244870.08854994,51248508.47432622,51244870.08854994,51248508.47432622
47241965.83621198,47240501.33527105,0,2025-07-07 00:00:00,4118538.089400962,4118410.4147201907,0.08018881776093888,51360503.92561294,51358911.749991246,51360503.92561294,51358911.749991246
47367630.41191498,47361946.29626555,0,2025-07-08 00:00:00,4118318.5083219633,4117824.3101009647,0.07998917364234938,51485948.920236945,51479770.606366515,51485948.920236945,51479770.606366515
47495173.81104098,47473041.06004504,0,2025-07-09 00:00:00,4118318.5083219633,4116399.3718970856,0.07979151038336084,51613492.319362946,51589440.43194213,51613492.319362946,51589440.43194213
47626686.244690984,47590537.58983126,0,2025-07-10 00:00:00,4118318.5083219633,4115192.7045741472,0.07958871639841074,51745004.75301295,51705730.294405416,51745004.75301295,51705730.294405416
47786153.009750985,47740469.44747367,0,2025-07-11 00:00:00,4118318.5083219633,4114381.3958280077,0.07934419497726665,51904471.51807295,51854850.84330167,51904471.51807295,51854850.84330167
47940781.737176985,47894806.52749103,0,2025-07-12 00:00:00,4118318.5083219633,4114369.040872482,0.07910852260029283,52059100.24549895,52009175.56836351,52059100.24549895,52009175.56836351
48069985.12164398,48028020.02463279,0,2025-07-13 00:00:00,4111280.573358968,4107691.4254184254,0.07878844099698942,52181265.69500295,52135711.45005121,52181265.69500295,52135711.45005121
48131325.384906985,48094312.39568599,0,2025-07-14 00:00:00,4111280.573358968,4108118.998598055,0.07869593214096685,52242605.95826595,52202431.39428405,52242605.95826595,52202431.39428405
